text,first_label,second_label
Yes. Driving while extremely tired is legally recklessly driving and can get you arrested if you're judged to be impaired.,Rational Persuasion,Logical Appeal
At what point do your ownership rights cease? When your body starts to decay? Your last breath? When you're entirely broken down? The ownership over body arguments have their flaws in the donation debate,Rational Persuasion,Persuasive Inquiry
It's rather disingenuous to believe feminism's narrative about rape victims has nothing to do with their willingness to believe unskeptically.,Rational Persuasion,Logical Appeal
"Except it doesn't and claims purports these problems to be inconsequential, a result of the 'patriarchy', and so on.",Rational Persuasion,Logical Appeal
I don't think Facebook stockholders would agree with you. Facebook is a business and a business caters to its customers interests. It's that simple.,Rational Persuasion,Logical Appeal
"We can't take a brain and say ""yup, this brain is female"". The differences and similarities we are talking about are statistical, i.e. the overall characteristics are closer to the cis control group of the identified gender, but only statistically",Rational Persuasion,Empirical Evidence
"Surrogacy is not allowed in California because of anything concerning rights- it allowed based on public policy. In states where it is illegal, that law cannot be challenged on the grounds of bodily autonomy, as it is the commercial transaction that is being regulated, not the medical procedures.",Rational Persuasion,Empirical Evidence
"I've found that McDonald's unquestionably wins in $/cal, at least with local McDonald's. McDoubles and McChickens are $1 and 360 calories, while junior roast beers are only 210/$.",Rational Persuasion,Empirical Evidence
"Not to comment on the effectiveness of the American prison system, but <4% of inmates are held in private prisons. It's a big issue, but you should qualify it instead of stating it like all inmates are working in for-profit private prisons.",Rational Persuasion,Empirical Evidence
And does the modern reason not apply to women? Why are they exempt from what is a very basic health & safety consideration?,Rational Persuasion,Persuasive Inquiry
"Can I ask how you've come to the conclusion that tradition is not a worthwhile end but progress is? Progress has a positive connotation, but it isn't actually always positive.",Rational Persuasion,Persuasive Inquiry
"Color / race / gender / etc. exist - socially if not biologically. Acting as though it doesn't exist teaches kids (inadvertently) that it is a taboo subject, and thus there is something wrong with it. By ignoring race we actually ""teach"" kids that racial differences are bad.",Rational Persuasion,Logical Appeal
"Meaning is a human construct. Humans are part of life. Therefore life has meaning. More accurately, life *creates* meaning.",Rational Persuasion,Logical Appeal
"I think it should be apparent that the story is more important than you believe (as far as ""the public"" is concerned). Even Portal, widely acclaimed as some of the most innovative gameplay at its time, is remembered more for its story than the gameplay. Storytelling is just plain important.",Rational Persuasion,Logical Appeal
"Did you look at the graph? It has a line for total compensation, and it's not rising at anywhere near the rate of productivity. I'm not saying your wrong, but your comment is in dispute with his source which you haven't seemed to realize.",Rational Persuasion,Logical Appeal
This response is my favorite because it's more or less pointing out the fallacies in the post. Corporate ladder doesn't exist and becoming a young billionaire requires being a founder or inventor.,Rational Persuasion,Logical Appeal
"There are no urinals for MtFs to use, while FtMs have to go in the stall, anyway. So, to answer your question, because no one will see them, anyway.",Rational Persuasion,Logical Appeal
"I think we should judge it on a case by case basis. For example *Annie*. When Little Orphan Annie first came out in the 1930s, she was a little Irish girl, because the Irish in that time were treated very poorly. That just wouldn't work in 2014, so they made the character black.",Rational Persuasion,Empirical Evidence
"What exactly is your view? The movements exist that is a fact. The views of the movements aren't accepted by the scientific community as a whole, that is also a fact. These movements admit to that freely, they just claim for whatever reason the research has been biased/corrupted.",Rational Persuasion,Logical Appeal
"What's even worse are the english teachers who, after learning that the author intended no such symbols, go on to claim that authorial intent is irrelevant and that the interpretation being taught is obviously correct.",Rational Persuasion,Logical Appeal
"The free market will ""solve"" the problem, as long as you believe that the solution in WI is a low-quality, cheap education system. Good teachers will get jobs in other professions and in other states.",Rational Persuasion,Logical Appeal
"In a democracy, your ability to influence a decision is equal to all others ability. One person, one vote. In capitalism, the ability to influence the market depends upon money. The more money you have, the more you can 'vote'. This is inherently undemocratic.",Rational Persuasion,Empirical Evidence
"Oh, I know. In fact I assume anyone reading my post knows that. My purpose was to point out how anti-discrimination principles are unevenly applied, and the principle xdrenched was suggesting(discrimination is okay if based on ""objective"" factors) was incorrect.",Rational Persuasion,Logical Appeal
"Isn't 3d animation a hell of a lot more resource intensive to produce than anime? I think it'd be better to compare anime to cartoons and, yes, we have a ton of adult-themed cartoons (south park, family guy, R&M...) that explore the issues you mentioned.",Rational Persuasion,Empirical Evidence
"But there's no such thing as ""microevolution"" and ""macroevolution."" They're both the same thing, just on different timescales, so if one is true then the other must be as well.",Rational Persuasion,Logical Appeal
"Yes, deterrence against invasion is a large part of why they'd want a nuke.",Rational Persuasion,Logical Appeal
"Sure, but that's the point. They like excess, and are willing to spend for it. It's simply a different set of values than you have, no scam involved.",Rational Persuasion,Logical Appeal
"Additionally, how often do you find yourself going to con's for things that don't interest you? Because there is probably some confirmation bias going on. You are far more likely to notice the negative aspects of a con you attended than one you didn't.",Rational Persuasion,Logical Appeal
"I don't understand how energy conservation is doing nothing. Nearly everyone in the USA has the capability to dramatically reduce the amount of energy we use, which would do a great deal to reduce carbon emissions if we all did it. That's not ""nothing"".",Rational Persuasion,Logical Appeal
"If a child can be produced by an artificial womb, a woman's life is no longer at risk, her health is no longer at risk, her bodily autonomy remains intact.",Rational Persuasion,Logical Appeal
"By that abstract reasoning there is literally no selfless act that can be done, and therefore the concept of selfish/selfless become null.",Rational Persuasion,Logical Appeal
A computer has the experience of every other computer in the world at its disposal. A computer can analyze all of the data and find a solution in the time it takes for you to tell your story.,Rational Persuasion,Logical Appeal
"What about advertising that, no matter how entertaining, leads you believe something contrary to reality?",Rational Persuasion,Persuasive Inquiry
"Actually the USA is the only one with America in the country's name, so it's totally valid to say it that way, literally everyone knows what you are talking about with zero chance of confusion. North, Central, and South America are regions. The only country with the name America is the USA.",Rational Persuasion,Empirical Evidence
"It would basically be an incentive for law enforcment to behave illegaly in order to obtain evidence and then cover up who exactly was responsible for it. ""We can't determine exactly *who* forged the signature on the phone surveillance warrant, but here's the tape.""",Rational Persuasion,Logical Appeal
Why? You haven't provided any reasons for this assertion besides your intuition. You can't simply say something is self-evident. Let's suppose I disagree. Now what?,Rational Persuasion,Persuasive Inquiry
"I should go out and play the lottery tomorrow. Either I win or I don't, so I have a 50% chance of becoming a multimillionaire!",Rational Persuasion,Logical Appeal
"How are you understanding the term ""exploitation"" in this context? Surely the mere fact that someone is being paid more than they otherwise would have been is not sufficient to show that they are not being exploited, especially if you stipulate that the wage is not as high as the worker deserves.",Rational Persuasion,Logical Appeal
"While that's better than what I usually hear, it's not ""without a heavy accent"". You're out of tune which makes you sound foreign. You roll the Rs a tiny bit too much but you roll them in the right places. If I'd have to guess, I'd say you're Russian or something else in that region.",Rational Persuasion,Logical Appeal
"Does this really challenge the point though? This makes the reasons for privatization even worse in my eyes, only strengthening the view.",Rational Persuasion,Persuasive Inquiry
"To be honest, it doesn't sound like her relationship was or is fake. More likely she told you that to keep you interested while she was making up her mind between you and the other guy. You need to let this one go for your own sake.",Rational Persuasion,Logical Appeal
"If it's impossible for a homeless guy to get a job that's worth more than free meals, isn't he clearly better off getting the free meals from charity?",Rational Persuasion,Persuasive Inquiry
The best predictor of an individual's future success or lack thereof is their *parent's* income at the time of the individual's birth. This fact alone should be enough to demonstrate that the perception that individual success is due entirely due to individual drive is a myth.,Rational Persuasion,Logical Appeal
I think you underestimate Assad's confidence in non-intervention. He's always been a guy to push the limits of what other nations will tolerate.,Rational Persuasion,Logical Appeal
The presence of civilians does not protect a military target from being attacked. That's in the Geneva Conventions.,Rational Persuasion,Empirical Evidence
Liberal bias can exist without exceeding the biases of a conservative news network. You don't have to be worse than Harding to be a bad president.,Rational Persuasion,Logical Appeal
Your definition of a real number is incorrect. You are thinking of the set of integers and the set of integers is not dense. You can think of a real number as any number that can be represented in decimal form.,Rational Persuasion,Logical Appeal
The wiggle room never seems to work in anyone's favor and only seems to encourage that laziness.,Rational Persuasion,Logical Appeal
plus it has been shown that smokers are cheaper because they die younger and dont ever get to the expensive end of life care of an older person. dying at 50 instead of 90 saves us 40 years of health costs.,Rational Persuasion,Empirical Evidence
"Many customers like to interact with a person, not a machine, and don't care about Chipotle making more money. It would hurt communities a lot because currently along with getting burritos we also get a bunch of jobs, so money is going back into the local economy. With robots, we would lose that.",Rational Persuasion,Logical Appeal
"It's a shaming tactic. If you have someone feeling guilty, you can manipulate them.",Rational Persuasion,Logical Appeal
"Um, yes it is. The frequency at which a system fails and the severity of a failure are absolutely arguments against that system.",Rational Persuasion,Logical Appeal
"Without being able to challenge your premises taken on faith, there is no point in challenging the idea of young earth. If God exists and is all-powerful then it is entirely possible that he created the universe to look aged. Why he would do so is unknowable.",Rational Persuasion,Logical Appeal
"To be good at something you really need good personal feedback. Youtube videos, books, singing alone etc you get no feedback to learn what you are doing wrong, what you are doing right and how to correct it.",Rational Persuasion,Logical Appeal
I mean this is Utilitarianism plain and simple and you should really read JS Mill instead of Harris for it. What I have read of Harris was pretty biased.,Rational Persuasion,Logical Appeal
Because anyone who's labor is not making a business more than $15 an hour will be fired. Why would a business want to employ somebody who loses them money?,Rational Persuasion,Logical Appeal
"If you acknowledge your religion is offensive, why do you still believe it?",Rational Persuasion,Persuasive Inquiry
Just because you didn't shirk your responsibility doesn't mean it wasn't a burden. Your own words describe it as such. My point is that I don't want to put someone in the position you were in were that someone my child.,Rational Persuasion,Logical Appeal
"What's the point of the Congressman at that point? You're advocating for a direct democracy with some kind of useless middle man delegate to cast the final vote. That's not the system we have, nor was the system ever intended to be like that.",Rational Persuasion,Logical Appeal
Do you wash your hands between patients or is that some violation of your rights to not put soap on your hands?,Rational Persuasion,Persuasive Inquiry
"How about instead of spending all that money to train teenagers into soldiers, we spend it on getting those same teenagers an education so they can make a better impact on America",Rational Persuasion,Logical Appeal
"You're thinking like an individual, not a policy maker. While you can abstain personally, having an entire state/country of teenagers being abstinent is as realistic as having them never get sick.",Rational Persuasion,Logical Appeal
"The author has full rights to do what he wants to do with the paper. He chooses to have it published behind a paywall, then no one should deny him that.",Rational Persuasion,Logical Appeal
"Why are we exempt? Are we not those who feel the pain of shaming the worst? If anything, I feel like I am more qualified to determine if someone is shaming me or not because I have been trained through therapy on how to recognize it and also because it hurts a lot more.",Rational Persuasion,Personal Disclosure
The grass is always greener on the otherside. Other countries have big problems too. Some have problems like what you describe. What makes you so sure where you're going to move is any better from where you are?,Rational Persuasion,Persuasive Inquiry
"It's not about the money, it's about the message. ISIS has taken over banks in regions they've invaded. Money is not the issue. They want to see a legitimate foreign power (Japan) acquiesce to an illegitimate one (ISIS), thus rendering it legitimate by proxy.",Rational Persuasion,Logical Appeal
"can you elaborate on who this extra time harms? ""look in your neighbors bowl to make sure he has 'enough.' dont look in your neighbors bowl to make sure you have 'as much' as him.""",Rational Persuasion,Logical Appeal
"He's not attacking an argument you didn't make. You wrote your argument poorly. What you said was there is no argument for why a person shouldn't be a Brony. If somebody dislikes the show, then the argument would be that they dislike the show and shouldn't be a brony.",Rational Persuasion,Logical Appeal
"If your point reduces to 'Claiming absolute certainty is illogical', then it really is pretty uncontroversial.",Rational Persuasion,Logical Appeal
"There's not a test *per se*, but psychological evaluation is a necessary prerequisite to transitioning, and that would likely weed out 'fakers'.",Rational Persuasion,Logical Appeal
"More tournaments is not necessarily better. I heard some Dota 2 pros say they feel burned out and struggle to stay motivated, and that winning or getting far in a competition is not as rewarding when there are so many of them.",Rational Persuasion,Logical Appeal
"So your problem is with public servants breaking the law? Do you support measures that determine if they're breaking other laws, like a monitor on their car that determines if they speed or a check of their personal computer to determine if they pirate?",Rational Persuasion,Persuasive Inquiry
Can you add in the box: Looks really odd when you score with a woman. Who wears two pairs of underwear? You have that magical moment where as a guy you get to show off your goods and now you have to hide from it to avoid odd questions on why you wear two things.,Rational Persuasion,Persuasive Inquiry
So we get a person who has trained all their life to be an athlete and then due to an illness or injury they are in a wheelchair or have a foot amputated. Are we just to say that they aren't an athlete anymore because they can't do a sport like everyone else can do it?,Rational Persuasion,Persuasive Inquiry
We *just* passed a massive overhaul of the health insurance system. This was done without a supermajority in the Senate. Doesn't that seem to contradict your argument?,Rational Persuasion,Persuasive Inquiry
"But the ""average person"" doesn't speed twice a day for 25 miles each time. A driver who does this is much more likely to be in the category of drivers who gets at least one ticket a year. This you need to include the cost of the ticket, and associated higher insurance.",Rational Persuasion,Empirical Evidence
"When everyone's super, no one is. The false scarcity of rye chips creates more perceived value in them, causing a psychological reaction in which you enjoy them more.",Rational Persuasion,Logical Appeal
Why would I bother expanding my business and creating new jobs if I am already earning $20 mil?,Rational Persuasion,Persuasive Inquiry
"There's no double standard there; a machine doesn't have bodily autonomy, it wouldn't violate its rights to force it to provide life support for the infant.",Rational Persuasion,Logical Appeal
"Trans men don't transitioning because living as a woman is too hard. Because if that was the logic, then why would there be any trans women at all? Why aren't there tons of trans men then?",Rational Persuasion,Persuasive Inquiry
"The flaw in that plan is that it assumes there are infinite numbers of colonisable planets within striking distance of the original colonies. Also, given the diameter of the Milky Way is ~100k lightyears, it'd be impossible to colonise it at 10% lightspeed in less than a million years.",Rational Persuasion,Empirical Evidence
There's no reason to believe in something just because there's no evidence it *doesn't* exist. The onus of proof is on the claimant; you aren't obliged to believe in the teapot until its existence is proven to you.,Rational Persuasion,Logical Appeal
"Dark souls shows there is no overall better scheme, it's game dependent.",Rational Persuasion,Empirical Evidence
The most comprehensive and reliable as of now is still the 2010 report by the CDC linked above. I sniffed around some studies from the late 90s but they tend to talk exclusively about women. Male rape being in the political spotlight is a fairly recent phenomenon.,Rational Persuasion,Empirical Evidence
"That's kind of my point - his argument is that ""I think that this will happen"" with absolutely no reason to think that other than ""that's what I think"". How can we change a view on something if we don't know what reason he has to think that.",Rational Persuasion,Logical Appeal
"It's defninitely coaching. Coaches earn quite a lot more at my old school district (and they should since they are giving up a substantial amount of time outside of school, and often on the weekends in competition season.",Rational Persuasion,Logical Appeal
I'd disagree. Not choosing is itself a choice. To think otherwise would be self-deceiving.,Rational Persuasion,Logical Appeal
"And there are plenty of ""unhealthy"" foods that are fine if they are a part of a balanced diet. It may also incentivize the use of alternative sweeteners to sugar to bypass regulation which can be equally unhealthy.",Rational Persuasion,Empirical Evidence
"You're still talking like money the government takes in taxes belongs to the taxed. It doesn't. Welfare recipients who vote to increase benefits (although we know voting doesn't actually work this way) are voting for more government money, not more of your money.",Rational Persuasion,Logical Appeal
"They may be subsidized, but that doesn't mean they are that cheap. My yearly costs for my state school are around $22,000",Rational Persuasion,Personal Disclosure
"Then all rapes are violent and the term ""violent rape"" is useless. For ""violent rape"" to be useful as a phrase it needs to differentiate some subset of all rapes from the rest.",Rational Persuasion,Logical Appeal
"Yeah, but as he said: valid game-play reasons. Game designer might want to discourage too many saves. For example, Game designer may believe that sifting though 200 hundred save files might destroy the ""flow"" of the game, confuse the gamer as to which saves files were from which game, etc...",Rational Persuasion,Logical Appeal
"Atheism is the default position. Unless you take the position that you believe in god/gods, you are an atheist. Apatheist is really an atheist.",Rational Persuasion,Logical Appeal
You really don't want it. They have different width axles in the front and back. Ironically super unsafe in snow.,Rational Persuasion,Logical Appeal
"That's great but totally unrealistic. You say you work 50 hours a week. Do you absolutely love every second of it? Unless you would do it without being paid, you are doing it for the money too.",Rational Persuasion,Logical Appeal
"Because that's how games are played. 5 v 5 with one guy shooting for each team. Besides, your argument completely falls apart when we see that Gilmore spent the majority of his career in the ABA rather than the NBA. His numbers were established against lesser competition than Jordans.",Rational Persuasion,Empirical Evidence
"No, a terrorist organization would blow up a school until the government was overthrown. ""Terrorism"" doesn't just mean ""bad guys."" A country looking out for it's own interest is usually just called a country.",Rational Persuasion,Logical Appeal
"Almost every monitor I've worked with has had the ability to pivot 90 degrees either left or right, and video drivers allow for screens to be rotated. It is dead useful when reading full-page PDFs.",Rational Persuasion,Personal Disclosure
Is your cat's freedom more important than the lives of the local wildlife?,Rational Persuasion,Persuasive Inquiry
"In the US bathrooms aren't covered by law. You can cruise on into the ladies room from this day forward and there are no penalties. There are no laws that say that you have to be a biological man to use the mens room, and a biological woman to use the womens room.",Rational Persuasion,Empirical Evidence
"If you care, why don't you tip your grocer? Why don't you tip anyone who makes less than a living wage, except for those who you've been socially conditioned to tip?",Rational Persuasion,Persuasive Inquiry
"What would constitute proof of preference? If a woman said that she'd prefer to change in a lockerroom without being surrounded by men, how would we say that having a separate women's lockerroom wouldn't be a benefit to her?",Rational Persuasion,Persuasive Inquiry
"When a rich person buys a yacht, they help pay the wages of the shipbuilders, the companies that make individual parts for the yachts, and a large number of other tangentially related businesses.",Rational Persuasion,Empirical Evidence
"This is true, but have you considered that direct democracy has been intentionally avoided, for good reason, since the birth of the nation?",Rational Persuasion,Persuasive Inquiry
"You mean a trouble violent man with a history of domestic abuse, assault on police officers, who followed a teen and shot him. And Martin's ""trouble"" was drawing WTF on a door at school and having some pot. Both of which are exceedingly common at the age of 17.",Rational Persuasion,Persuasive Inquiry
"They're all ""roots of the problem."" It saddens me that you target only one of the roots and the only one that has to do with fellow females.",Rational Persuasion,Logical Appeal
"What exists at 20 weeks, that doesn't exist at 19 weeks, 6 days, 23 hours, 59 minutes, and 59 seconds, that grants the fetus all rights and privileges of humanity? The same privileges, that just one second earlier, they were denied?",Rational Persuasion,Persuasive Inquiry
"You mean the guys who shot those two ladies on the dorner manhunt, even though they didn't look anything like him and the vehicles were different? Ya I'd rather be in control of my fate.",Rational Persuasion,Logical Appeal
"You also would expect the forum to not spread into other places screaming ""whitey"" ""crackerlord"" or otherwise flinging insults at those they didnt agree with, calling them racists if they disagreed on hings having nothing to do with race",Rational Persuasion,Logical Appeal
"It's just going to encourage more kidnappings. ISIS use to make $2-$3 million per day in illegal oil, now that oil has crashed to around ~$40 they are strapped for cash. $200 million would be a windfall for them.",Rational Persuasion,Empirical Evidence
Prisoners will then essentially be taking jobs from regular citizens.,Rational Persuasion,Logical Appeal
"Why not just flip it and say the state will use the marriage and you can use the word civil union if you want? Its a word. We get to make up whatever legal definition we want. Corporations are persons (legally speaking), that doesn't mean they share DNA with you.",Rational Persuasion,Logical Appeal
"Everyone has a right to bodily autonomy, even girls. Not much more needed to say beyond that.",Rational Persuasion,Logical Appeal
"So where is your civil engineering degree from? When was the last time you inspected the storm drain? I mean, you must have some basis to suggest you know they are doing it too frequently.",Rational Persuasion,Logical Appeal
Reducing government power would certainly reduce the ability of the power to abuse the courts. Reducing government power so incredibly far that it was unable to protect its citizens against violence would be a pretty radical form of Libertarianism. That would cross over to Anarcho-Capitalism.,Rational Persuasion,Logical Appeal
"But from the kid's perspective, it's all about receiving gifts, not giving. If you want your child to be generous, show them how it feels to give, to be charitable. Do charity work with them, something. They won't learn how it feels to give by *getting* toys from a fictional stranger.",Rational Persuasion,Logical Appeal
International law says you can't hold uniformed combatants. These guys aren't uniformed.,Rational Persuasion,Empirical Evidence
"You've answered your own question. If nobody voted then it would matter a hell of a lot. So therefore, logically, your vote matters. Sure, it's fairly insignificant, but there you go.",Rational Persuasion,Logical Appeal
"Won't most children pick that up naturally? I think if children are exposed to the Arts, the ones that are truly interested in it will continue to learn about it at home. That's probably less likely to happen with programming or spoken languages, at least at a younger age.",Rational Persuasion,Logical Appeal
"I have trouble seeing your distinction between so- called ""micro"" and ""macro"" evolutions. If enough micro changes occur, they become a major change. Defining them as separate categories is a little like saying that inches obviously exist, but no one can prove a mile does.",Rational Persuasion,Logical Appeal
"Because that would be federalism, and the founders hated and feared federalism, so they wrote a constitution that prevented it.",Rational Persuasion,Logical Appeal
"so basically you put the responsibility on the man because you feel that abortion is unethical and if the man would decide against having a kid, you couldn't raise it on your own (because of reasons i obviously don't know) but would force the man to give you money? how is that ethical?",Rational Persuasion,Persuasive Inquiry
"A much more compelling solution to me would be to figure out why we have growing inequality between the rich and poor in the first place, and address the root cause. Government Robin Hood-ery is just an inefficient bandage put on in lieu of curing the disease.",Rational Persuasion,Logical Appeal
"So following that logic, you'd be okay with schools teaching that the Holocaust never happened. Not allowing teachers to teach incorrect information has nothing to do with suppressing free speech.",Rational Persuasion,Logical Appeal
That doesn't protect the criminal's constitutional rights though. Constitutional rights are more important than getting a certain case to go right.,Rational Persuasion,Logical Appeal
"You say cheating is wrong. If you help someone cheat, you help them do something wrong. Is it morally acceptable to help someone do something wrong?",Rational Persuasion,Persuasive Inquiry
Came here to post this. If you are serious about home defense and have children there are many safes which keep firearms secure but still readily available.,Rational Persuasion,Empirical Evidence
"Isn't government providing you infrastructure (the roads, health care, firemen, police)? How is that different from landlord providing you a building?",Rational Persuasion,Persuasive Inquiry
"Any western country could build a stadium without a single death, we do it all the time. There is something very wrong when that many workers are dying. I work on a site with over 100 other workers and there hasn't been so much as a stubbed toe in over a year.",Rational Persuasion,Personal Disclosure
"Suffering and then ending it is not quite the same as not suffering at all and not existing. Plus it's not like anyone's life is being ""taken away"", nothing of value is ""lost"" by not having a child, at least not from the POV of the child.",Rational Persuasion,Logical Appeal
"i would look at this from the other point of view. if a sandwich store gets taxed differently from a hot dog store, wouldn't you say that the difference between a hot dog and a sandwich is meaningless in terms of the tax treatment?",Rational Persuasion,Persuasive Inquiry
"History has a tend of repeating itself as society fails to learn from past mistakes always thinking ""it will be different this time because of x"".",Rational Persuasion,Logical Appeal
"When you are so easily and eagerly able to interpret things like this in such a way as to reduce your respect for women, it says more about your pre-existing attitudes about women than it does about the Barbie.",Rational Persuasion,Logical Appeal
And you don't believe a girl who has been made into a product for half of her life is being heavily manipulated by the agents and producers surrounding her to the point where independent life choices are impossible.,Rational Persuasion,Logical Appeal
We essentially do. A person is sentenced differently if it's determined they have a limited mental capacity (usually) since they weren't as responsible of their actions as a typical adult would have been. Mental illness for example.,Rational Persuasion,Logical Appeal
"No, I would not agree with that, because a huge part of traditional gender roles was that women weren't allowed to *get* an education. And it's not like women immediately started being accepted into other fields once they *were* permitted to get an education.",Rational Persuasion,Logical Appeal
How can you be expected to pursue the common good if you're not the common? I say we have a lottery for leaders.,Rational Persuasion,Logical Appeal
Whoever invents a cancer cure will stand to make billions. Why would that person/corporation forgo all that profit for the same of some other companies in the industry?,Rational Persuasion,Persuasive Inquiry
"I'm guessing that you believe abortion to be generally wrong because you believe a fetus to be a person (or close to it), and accordingly that abortion would be at least tantamount to killing a person who has done no wrong. If that's the case, how can you justify abortion in the case of rape?",Rational Persuasion,Persuasive Inquiry
"Yes, you can generalize. If a race commits more violent crime ON AVERAGE, than another, you can assign a value reflecting that. That's discrimination.",Rational Persuasion,Logical Appeal
Beautiful graveyards are not the norm and I'm sure they would look better as normal parks in most cases.,Rational Persuasion,Logical Appeal
"racism doesn't have to be institutional, although that may be the academic definition of it. it's colloquially identical to prejudice, therefore, racism against the majority does exist.",Rational Persuasion,Logical Appeal
"I get what you're saying. It's not easy to get attention for a cause, even a good one. But that doesn't mean that harmful/annoying protesting is the answer. Just because it's hard to gain attention doesn't give someone an excuse to disrespect and inconvenience others.",Rational Persuasion,Logical Appeal
The Geneva Conventions do not provide a blanket license to attack all military targets with civilians around. The military objective being accomplished has to outweigh the harm done.,Rational Persuasion,Empirical Evidence
Are you going to try smoking Meth because you can't perceive it as a negative if you haven't tried it?,Rational Persuasion,Persuasive Inquiry
A life sentence can be commuted if new evidence comes to light or analysis techniques advance. The death penalty is final and we have no way to even attempt to undo an execution.,Rational Persuasion,Logical Appeal
would you accept the ACA as an example? because that seems like kind of a big deal that a President was largely responsible for.,Rational Persuasion,Persuasive Inquiry
"Ivory doesn't come from Rhinos, it comes from elephants. Rhinos are hunted for their uses in traditional medicine. A change in what their culture uses for status symbols will have no effect on the hunting of rhinos.",Rational Persuasion,Empirical Evidence
This doesn't refute the point. Just because there's not very many doesn't mean that this isn't their purpose.,Rational Persuasion,Logical Appeal
"Ok so I steal your SIN number, your banking information, address and all other personal information and post it online. Do you want it removed? Because under your law it can stay up no matter what.",Rational Persuasion,Persuasive Inquiry
"Right, corruption should be defined as any abuse of public power for private gain",Rational Persuasion,Logical Appeal
"You are ignoring that the vast majority of the time both partners agree to a monogamous relationship. Thus, the expectation is completely consistent with the previously agreed upon arrangement.",Rational Persuasion,Logical Appeal
"you buy a week worth of groceries, hypothetically you could gain your daily recommended dose for a month, do you tell that your only buying it for a week? both in hypothetical and realistic use your solution is impractical and does more harm then good",Rational Persuasion,Logical Appeal
"Correlation does not equal causation Where are you sourcing your information that he was the cause of their suicide? Even if the two events were related, that is not proof that he was the cause of their suicides.",Rational Persuasion,Logical Appeal
"This only makes sense if you're irreligious, though. If you believe in a personal God than you most likely believe that he knows and cares about everything, even things that seem insignificant. There are multiple Bible passages that specifically emphasize this.",Rational Persuasion,Logical Appeal
Do you think your connections would put their names on the line and vouch for you if you didn't have the work ethic to back it?,Rational Persuasion,Persuasive Inquiry
You can't make an addict quit doing drugs until he or she is ready to quit. Forcing someone into rehab isn't going to make them any more willing to confront their addiction or learn how to manage it.,Rational Persuasion,Logical Appeal
They don't make up the cost that's the whole point of a lottery. The lotteries literally exist to funnel extra money into government coffers and while a very small minority make out huge that's nothing compared to the revenue paid in,Rational Persuasion,Logical Appeal
"There's a serious problem with the word ""requires"". Nothing about GMOs *requires* us to use pesticides with them, it only *enables* us to do so.",Rational Persuasion,Logical Appeal
"To put in simpler terms, you go to school to learn how to learn. Once you master that you apply that skill to ""real life"".",Rational Persuasion,Logical Appeal
"In an inflationary economy, sure, you can wait to sell something for a higher price, but in real terms the amount of money you're getting is exactly the same. In a deflationary economy you are spending more money today to get something that would cost less real money tomorrow.",Rational Persuasion,Logical Appeal
But being bald and having a full head of hair aren't equivocal just because there isn't a specific number of hairs at which a distinction is made. Just because there isn't an apparent defining moment doesn't mean a distinction can't be made.,Rational Persuasion,Logical Appeal
You've really not explained it well as far as I can tell. Everyone is different and unique and have varying tastes but all women want the same strong domineering man who they can be submissive to. This is not an explanation of you generalization but a contradiction.,Rational Persuasion,Logical Appeal
Clarifying question: what makes you think that college will magically be better than high school? Do you realize that college teaching styles don't vary that drastically from high school?,Rational Persuasion,Persuasive Inquiry
Driving a car isn't a human right. The ability to drive on public roads is a privilege you can lose.,Rational Persuasion,Logical Appeal
"Long term planning and weighing short and long term rewards is not illogical. If you're complaining long terms rewards often require short term sacrifice, then yes, that is fairly obvious. But balancing those two is not illogical or a somehow a failure. It would be illogical not to do so.",Rational Persuasion,Logical Appeal
Then charge the meth cook for their negligence and not their otherwise peaceful activity. There is no need for more laws in that situation.,Rational Persuasion,Logical Appeal
I wish any crime that is possible to end in death should be punished as if it did. The problem with that is the criminal would be more likely to kill witnesses if there is that much chance of a murder charge.,Rational Persuasion,Logical Appeal
"Films, even if they employ voiceovers, narration etc. only let you get to know a character from the *outside*. The key achievement of the novel is to let you get to know someone from the inside.",Rational Persuasion,Logical Appeal
You seem to think women should not be held accountable for their actions. Is this so?,Rational Persuasion,Persuasive Inquiry
"I don't think pain is necessarily the crux of the argument. It's the ending of a sentient life. Cows, pigs and chickens could all be slaughtered under anesthesia but I don't think would change many vegetarians minds.",Rational Persuasion,Logical Appeal
Why isn't that a valid argument? You don't think artists who get paid according to the relevance of their image and the hype it generates would do what it takes to keep being talked about?,Rational Persuasion,Persuasive Inquiry
"This should be revealed by the data. Do more women sign up to play in women-only events than in mixed events? If so, then the marketing is working and those women apparently don't feel it implies they are ""mentally handicapped.""",Rational Persuasion,Empirical Evidence
*Men* are allowed to walk through unlit parks while dressed well. How come you're so okay with woman not being allowed to do the same?,Rational Persuasion,Persuasive Inquiry
"It's not actual news. But the research shows that listening to Jon Stewart make fun of the news is more factually informative than fox news. If the daily show is more informative than fox news as a comedy show, what the hell is fox doing?",Rational Persuasion,Persuasive Inquiry
"Actually, what most ""nice guys"" have been told as the way to get a girlfriend and what they are doing, are not the same thing (speaking as a reformed ""nice guy""). Because what they have been told left out quite a lot of things and is interpreted in a lot of different ways.",Rational Persuasion,Personal Disclosure
"If a baby is born into a situation where its life is in danger from its own parents, the authorities can take the child and place it in a foster home ... why should innocent women be put in danger because of what a tiny minority of women do?",Rational Persuasion,Logical Appeal
"If you hate being defined by your profession, then don't bring it up as some kind of credential.",Rational Persuasion,Logical Appeal
"Yea, but do you tip the cashier at McDonald's or the cart pusher at Walmart? Maybe 9 bucks an hour isn't a livable wage in CA, but the argument for tipping falls apart when they make as much as non tipped jobs",Rational Persuasion,Logical Appeal
"This viewpoint seems highly self-centered, but as I do not have kids yet I can't empathize with you. I understand why you want to watch out for your own kids specifically, but wouldn't helping their generation as a whole be more beneficial for them?",Rational Persuasion,Persuasive Inquiry
The common definition of free will is incompatible with actions being pre-determined. So you're redefining the term. I like free will and determinism as they are - incompatible.,Rational Persuasion,Logical Appeal
"So, are you going to dodge this example forever? Boy scouts discriminate against gays. They are doing VERY WELL compared to similar scouting organizations. Is not this the example you were asking for?",Rational Persuasion,Persuasive Inquiry
Criminal punishment (if it is imprisonment) definitely does affect the right to control one's body,Rational Persuasion,Logical Appeal
"You don't need to ask your SO, the woman, for her DNA. All you need it your own and your (supposed) child's, since the DNA of the mother is irrelevant in testing to see if the child belongs to the male.",Rational Persuasion,Logical Appeal
Well - yes. A good designer should account for such things. And if someone is making a claim to intelligent design - they should have to account for things that are terribly designed.,Rational Persuasion,Logical Appeal
"Yes, they'd hold office for the few months until the next election, but this shouldn't be more than 3-6 months. Why is this such a problem? Potentially elections could be held slightly more in advance as well.",Rational Persuasion,Logical Appeal
"Ballots are definitely something that should be printed in multiple languages. We need to make participation in the democratic process easier, not harder.",Rational Persuasion,Logical Appeal
I'm still not hearing anything except envy here. How is my money any of your business? What have you done to have some claim to it?,Rational Persuasion,Persuasive Inquiry
"However, Qatar has lied about it's bid. They said they would have 12 stadiums, but they are only building 8. They said it was to be in summer, now it is winter. They cheated on the bidding process.",Rational Persuasion,Logical Appeal
You legitimately think that in 50 years the federal min wage will $7.25?,Rational Persuasion,Persuasive Inquiry
"That's one of the reasons why it's a good idea to legalize it. Then just like alcohol and cigarettes, marijuana will be sold in places that do not also sell meth.",Rational Persuasion,Logical Appeal
You get an even better chance of survival if the intruder *isn't* armed...,Rational Persuasion,Logical Appeal
"George Gallaway is a socialist. Of course he's gonna be pro-socialism/anti-capitalism. He's also British, BTW, so he's pretty irrelevant when discussing American politics. But how many American liberal politicians describe themselves as socialist?",Rational Persuasion,Persuasive Inquiry
Good driving is minimizing your risk of getting in an accident. This means that you should not assume everyone else is a good driver.,Rational Persuasion,Logical Appeal
"Intellectually disabled might be less easy to use as a direct insult, but it only sounds better to us because it hasn't run far down the treadmill yet.",Rational Persuasion,Logical Appeal
"Well then, beyond aesthetics, it is more sanitary to have the lid closed when you flush. Otherwise you can get germs sprayed up and have them land on your toothbrush or something.",Rational Persuasion,Empirical Evidence
The argument is generally that the animals we breed for food would be better off not existing at all than living in the factory farming system.,Rational Persuasion,Logical Appeal
"Exactly. Most of these abusers aren't dumb, they know they can't go for someone who will be able to stand up for themselves.",Rational Persuasion,Logical Appeal
"If the poor had that much power, they wouldn't be poor anymore. They'd have used their power to make themselves not poor. Or at least they'd have more than they do now. Better healthcare, more access to housing, more homeless shelters, something!",Rational Persuasion,Logical Appeal
"The Occupy movement started with a vague idea that had no potential to go anywhere and therefore didn't. The idea was to camp out in cities, particularly stock markets, and complain about income inequality. It's a badly thought-out idea that makes no sense and had no potential to fix anything.",Rational Persuasion,Logical Appeal
"Flashing your brights, especially at night is very distracting and a dangerous behavior. I would not suggest that as an alternative to tailgating.",Rational Persuasion,Logical Appeal
This is silly. What you want is a flame thrower. The problem is simply that this is even more unpredictable. This weapon is too imprecise. What if I want to rob a convenience store and not set the place on fire? Every robbery would also be an arson and potential multiple homicide.,Rational Persuasion,Logical Appeal
There has been cases of Judges being bribed to make longer sentences at certain prisons. Which would make a large argument for only public prisons that do not directly benefit from the labour.,Rational Persuasion,Logical Appeal
"I don't know, it seems Jesus is pretty direct about it on a few occasions. ""I am the way, and the truth, and the life; no one comes to the Father but through Me."" ""With man this is impossible, but with God all things are possible.""",Rational Persuasion,Empirical Evidence
"Yeah, but dogs raised for slaughter in Asia are mistreated to an abhorrent degree, even by livestock standards.",Rational Persuasion,Logical Appeal
"Your argument is that nature and nurture outweighs choice, and that's simply something that I don't believe. If you can make a choice, then you can be held to account for that choice. It's really as simple as that.",Rational Persuasion,Logical Appeal
But going independent would increase the cost. At the moment the UK foots the bill whereas soon Scotland will have to maintain those things themselves.,Rational Persuasion,Logical Appeal
"How exactly would you pay a $300,000 bill? And if you DO have $300,000 saved up, then paying the monthly premiums shouldn't really be that big of a deal. Both of these situations lead to the same conclusion.",Rational Persuasion,Logical Appeal
What is there to teach? You'd have to fill ~4 high level classes per semester with an 8 semester program about football. That seems a bit unreasonable as well as the fact that sports don't have the same mental component as the arts do.,Rational Persuasion,Logical Appeal
"It is an unfortunate situation yes, but much more preferable than teaching kids that it is ok to push your body beyond its limits using drugs in order to play better.",Rational Persuasion,Logical Appeal
"Pro weightlifters and pro athletes in general can eat a shit load of food and stay in shape because they burn significantly more calories than the average person, the nutritional value of what they eat does not matter as much as calories in vs calories out.",Rational Persuasion,Empirical Evidence
Is a dog left in a home alone for over eight hours a day with no companionship really better off than one who spends every waking minute with their best friend?,Rational Persuasion,Persuasive Inquiry
"Yeah sure, but in the long run you could move the policies of the first party candidate that you like towards the third party candidate, because they are losing votes that would normally be in their base to a third party.",Rational Persuasion,Logical Appeal
"That doesn't seem like a reliable indicator. There are always going to be more nonprofits working against the status quo than for it; if you think that the existence of multiple nonprofits working against a thing proves they're right, you're always going to conclude that the status quo is bad.",Rational Persuasion,Logical Appeal
"Still not a gun. You have a choice, as always, you can go to a homeless shelter. ""Theft"" would be if you literally could not prevent yourself from losing that money. Here you can choose not to spend it.",Rational Persuasion,Logical Appeal
"You're a detective now son, you don't get to believe in coincidences.' Theatrical as it may be is this what your implying is incorrect?",Rational Persuasion,Persuasive Inquiry
"I would say that's a major false equivalency, the path to the NFL is very different. If you are getting elite training in a sport like skeleton or equestrian at a young age, you're presumably affluent. Pretty much all the Winter Olympic sports and most of the Summer Olympic sports are like this.",Rational Persuasion,Logical Appeal
"You are missing my point, the money for that still has to come from taxes or debt. Deciding how to spend the money collected as such is a separate issue entirely. It doesn't matter if it is going to school lunches or missiles, it's origin is loans and taxes.",Rational Persuasion,Logical Appeal
"In absence of other factors, increased demand should lead to higher prices. Fast food is cheap because there is so much of it.",Rational Persuasion,Logical Appeal
"Again, my point was not about what happens 5 years from now, but what happens 30+ years from now. How many nuclear powers will there be in 2044? How many of them will have ballistic missile technology?",Rational Persuasion,Persuasive Inquiry
I think the point is that grammar and spelling errors often *prevent* the message from getting across.,Rational Persuasion,Logical Appeal
A father dying is a special case because he's dead. It's like an unintentional denial of child support because the father can not physically pay child support as evidenced by his death. It's the least we can do as a society to pitch in and provide help for the single mother (social security).,Rational Persuasion,Logical Appeal
"It isn't your call. It's hers. She's the one who has to set the boundaries to her body. If she doesn't do this, or thinks the attention is fine, and it bothers you, the real issue is between you and her and the parameters of your relationship.",Rational Persuasion,Logical Appeal
No chance for re-election so the president doesn't try as hard to remain in good favor.,Rational Persuasion,Logical Appeal
"You sound like a creationist. Science has nothing to do with ""proof"", and saying that something is a ""theory"" has nothing to do with how accurate it is.",Rational Persuasion,Logical Appeal
What makes waiting tables for customers any harder than sitting at a customer service desk and getting yelled at? Or doing back-breaking shelf stocking overnight? There are a lot of minimum wage retail jobs that are very stressful.,Rational Persuasion,Persuasive Inquiry
"By regulation, I believe he means having a system to avoid fraud or abuse. Sure, too much regulation is bad, however having it completely unregulated I believe isn't favorable.",Rational Persuasion,Logical Appeal
You've seen 4 episodes out of 78? That's about 3% of the total body of work. How can you accurately judge anything by experiencing 3% of it?,Rational Persuasion,Persuasive Inquiry
"That's a negative consequence primarily for the child, not for the woman. The law is always going to weigh the interests of the child above the desires of either of its parents - as it should be.",Rational Persuasion,Empirical Evidence
They believe they deserve it' Especially for some women who end up in these relationships after low self worth and barration of such all their lives. It really depends on the mindset of the woman. How can she fix the mindset if that's all she knows?,Rational Persuasion,Persuasive Inquiry
"Regarding governments spying. It's a disturbing and worrying fact that they do, but the fact that we are now utterly aware of it is better than if we were to still be igorant.",Rational Persuasion,Logical Appeal
"The CEO of Chick Fil A donates money and actively supports efforts to marginalize and demonize the LGBT community. He uses the money earned through his business to do so. He doesn't discriminate through his business, but he does discriminate.",Rational Persuasion,Empirical Evidence
"because there's a difference between discriminating against an idea you find abhorrent and discriminating against a person for who they are. it's absurd to ""disagree with"" the fact that someone is black, a woman, or gay, etc.",Rational Persuasion,Logical Appeal
If other can't pay for lower wait times they do not a have a claim on that good. Therefore this cannot be exploitation.,Rational Persuasion,Logical Appeal
"I don't agree with that at all. Breaking social norms does not make it okay for others to treat you poorly. Being mean to someone isn't okay just because they're a little odd. Again, whats the alternative? Never speak up? Don't attempt to make progress toward changing the norms?",Rational Persuasion,Persuasive Inquiry
"Even if 97% of all alimony goes to women, wouldn't that be indicative of how most men are the breadwinners in a marriage and nothing to do with gender bias is awarding alimony?",Rational Persuasion,Persuasive Inquiry
"The same things used to be said about the Irish and later the Italians. The common factor is economic collapse, not the color of their skin.",Rational Persuasion,Empirical Evidence
"Written contracts would definitely be the most useful to prove infidelity. Verbal contracts would lead to a ""he said, she said,"" and implicit contracts would be practically useless.",Rational Persuasion,Logical Appeal
"I definitely recommend reading some Camus, and checking out Sartre's concept of authenticity. An existential worldview should be the ultimate *liberating* experience, not one of sorrow.",Rational Persuasion,Logical Appeal
"that doesn't magically make them more ready. and the possibility of a disabled child is there with every pregnancy, shouldn't you be expected to be ready for a disabled child with every wanted pregnancy you have?",Rational Persuasion,Persuasive Inquiry
The way that you get everyone to share is by yourself sharing as an example. You cannot share if you do not produce or earn. Therefore you are trying to take.,Rational Persuasion,Logical Appeal
That's because every one is given a gun as part of their mandatory militia. Comparing apples and oranges isn't going to help you,Rational Persuasion,Logical Appeal
"After a major concussion I would argue your not able to make that decision because of the recent, as in just happened, brain injury. Try swapping out the return to game form with some kind of contractural renegotiation or financial decision and see how well this holds up.",Rational Persuasion,Logical Appeal
"Do you like pizza dough? Do you like cheese? Do you like pizza sauce? If so, why not enjoy more of all 3 in a single slice?",Rational Persuasion,Persuasive Inquiry
"Your accuser is the person viewing the security footage. And you face them in court, not on the street. If a person is caught cheating on their taxes, they are sued by the IRS, not the individual employee who caught them.",Rational Persuasion,Logical Appeal
If nothing else we can plainly conclude here that pepsi is NOT an objectively inferior soda,Rational Persuasion,Logical Appeal
"If you grind up the baby, cook it on a grill and serve it on a bun with a slice of cheddar, it becomes hard to tell.",Rational Persuasion,Logical Appeal
"The point is that if you're taking like that, both partners don't want the same thing. If your partner is only mono because you make them, that is selfish, yes. But if that isn't the situation, then it's not selfish.",Rational Persuasion,Logical Appeal
"I imagine the Allies felt the same way about Czechoslovakia in 1939. ""There is no avoiding war; it can only be postponed to the advantage of others.""",Rational Persuasion,Empirical Evidence
You won't find a woman who loves you until you can love yourself. Work on that first. I suggest therapy.,Rational Persuasion,Logical Appeal
Not to mention the millions upon millions of them already in circulation. Will the criminals simply give them up? Doubtful.,Rational Persuasion,Logical Appeal
I will add and say that I believe laws should not mandate morality but reflect it. As societal morality progresses so to should laws. They should always play catch-up not guide.,Rational Persuasion,Logical Appeal
"And in the very act of cashing out, they'd be disproving their own belief that bitcoins don't have any ""real"" value.",Rational Persuasion,Logical Appeal
"So there is no way it is motivated by not wanting to be responsible for carrying a living organism for 9 months, and then, again, not wanting to put your body through the severe trauma of having a child? That it no way motivates such a decision?",Rational Persuasion,Persuasive Inquiry
The President has almost complete freedom to do what he wants in foreign policy. This was deliberately set up that way in the Constitution. The President would have to break a law to be impeached.,Rational Persuasion,Empirical Evidence
"I think anything I have to say about how it's helpful will just be rebutted by restating point 1 and 2. Laziness and reliance on technology are the foundations of human civilization, and you could make the same arguments for the wheel.",Rational Persuasion,Logical Appeal
"Why would anyone ever go to court for judicial review if they had to pay for a lawyer knowing that, no matter how good their case was, they won't get anything from it?",Rational Persuasion,Persuasive Inquiry
"60% of the total land Israel received was the Negev, I've been there and trusty me, none of it is arable. In terms of arable land the split was very equal, at least for the 1948 borders. After the war of independance the split might have been less fair but they lost a war, that's how life goes.",Rational Persuasion,Empirical Evidence
"Yep. Someone needs to write this course of yours, someone needs to teach this course of yours, and someone needs to decide who's passed this course of yours. That's eugenics, pure and simple.",Rational Persuasion,Logical Appeal
"I think you should consider the repercussions of crimes like treason and vehicular manslaughter, as compared to the repercussions of crimes like possessing and smoking marijuana. The two aren't exactly comparable.",Rational Persuasion,Logical Appeal
Thats why there should be an estate tax. The only person burdended by an estate tax is a dead person.,Rational Persuasion,Logical Appeal
"The US doesn't pay that much less per capita. It's not like they are being deadbeats. As such, I don't think it is fair to single them out and ask them to pay more than 20% of the budget.",Rational Persuasion,Logical Appeal
Why would crowding out other potential candidates be profitable to the media? A matchup between Hillary and other candidates sells far more papers than Hillary the Inevitable. If papers were simply trying to maximize profits they'd be talking more vigorously about potential challengers.,Rational Persuasion,Logical Appeal
"You're argument is circular. Ethical consideration should only be given to beings with moral agency. Why? Because they have moral agency. Your relying on the assumption that moral agency is a prerequisite for moral consideration, but that assumption is not a given. You ask why. I ask why not.",Rational Persuasion,Logical Appeal
"Just because you have a lawyer, doesn't mean you'll get out of the ticket.",Rational Persuasion,Logical Appeal
"What if the dish itself is cold? What if the 'best part' is less nutritious, and by saving the less desirable (but more nutritious) for after, a person is less likely to finish it? Why not just eat dessert before dinner?",Rational Persuasion,Persuasive Inquiry
"Not going to change you view, but interestingly LSD isn't remotely addictive, and in fact had been shown to break alcoholic addiction in a single dose.",Rational Persuasion,Empirical Evidence
"The US has many problems, one of which is absolutely not water... Except to fight fires. Why is the USs responsibility to provide water to areas that just don't have it? Based on human survival instincts, it is ludicrous to even live in a area that can't hydrate itself and accept its nationality.",Rational Persuasion,Logical Appeal
"you call potentially dying low risk? but while you can still do so, if there are risks you are no longer obliged to do so.",Rational Persuasion,Logical Appeal
Why should prisoners who are citizens be allowed to vote while resident non-citizens who follow the law cannot?,Rational Persuasion,Persuasive Inquiry
"It seems from your post that you work as a cashier in a store/supermarket. Why is that, are you just lazy and/or lack self control to get a better job? To clarify, I am not belittling you or anyone else who works as a cashier, I'm just trying to make a point..",Rational Persuasion,Logical Appeal
"The future value of $5,000 is different from its present value. Using a discount rate of 0.03 (arbitrary) over the 50 year period, $5,000 is actually worth about $21,919.53 or about $1.20 a day. *which isn't much, but you know",Rational Persuasion,Logical Appeal
You really can't perform a cost-benefit analysis of the NSA when both the costs and the benefits are shrouded in secrecy.,Rational Persuasion,Logical Appeal
They have committed a crime and continually disregard our laws and society by remaining here illegally. Why should their reasons for committing the crime grant them amnesty? The man who robs the bank to get money to better provide for his family does not get amnesty.,Rational Persuasion,Logical Appeal
"Passing a budget, and keeping the debt ceiling high enough that we can pay for the things Congress has ordered the executive to pay for, should not be on the negotiating table. This time they were. That's not ok.",Rational Persuasion,Logical Appeal
"Most of that cost is from appeals. It is because of this fact that our justice system is not 100% correct that Capitol punishment should be abolished, not some moral crisis.",Rational Persuasion,Logical Appeal
One advantage that you don't mention is that roll-starting a manual is possible in the event of a battery failure.,Rational Persuasion,Logical Appeal
I don't eat at chick fil a because of their stance on gay marriage. This is no less valid,Rational Persuasion,Personal Disclosure
"You don't have to like their music to recognize they were responsible for a revolution in the music industry. They pioneered recording techniques that have become industry standard from then on, such as close miking, double tracking and using samples. Most notably on their Sgt. Pepper album.",Rational Persuasion,Empirical Evidence
"May depend on the technique and the experience of the surgeon, but nowadays the result is mainly indistinguishable. Have in mind that vaginas from ciswomen also vary in shape and size, and knowing that they blend in perfectly",Rational Persuasion,Logical Appeal
"It's evolution, you see? Our male ancestors from sub-Saharan Africa went out every day to do advanced calculus and computer science, while women stayed home, vacuumed, baked cakes and learned humanities subjects, which have traditionally been the domain of women, like Virgil, Erasmus and Marx.",Rational Persuasion,Empirical Evidence
"If you have to add a major caveat to the claim that mustard gas is no worse than conventional weapons, doesn't that imply that, under standard conditions, it is worse?",Rational Persuasion,Persuasive Inquiry
The biggest issue I have is that you have a nonrandom sample of one individual who happens to be you. A single anecdote proves nothing.,Rational Persuasion,Logical Appeal
"Religion isn't used as a reason to start a war, it is used as a tool to compel the masses to participate in one.",Rational Persuasion,Logical Appeal
Ray Lewis killed a guy and now he's on ESPN talking down to Ray Rice for beating his wife. Isn't that pretty solid proof that man on man violence is not looked down upon as heavily?,Rational Persuasion,Persuasive Inquiry
Not from the entire nation. You are confusing a loud uproar with 100% consensus. Again. You are in Alabama. You think there won't be stores with 'No Muslims' Signs? The state that passed its Sharia Law ban? That's a serious question by the way.,Rational Persuasion,Logical Appeal
"Of course they have a reason to be pissed off, I don't think anyone would dispute that. The questions are whether their reasons are factually correct and whether rioting will affect change or make things worse.",Rational Persuasion,Logical Appeal
"So would you like to: 1) retract your statement that Obama called them terrorists 2) support the argument that Obama can be considered personally responsible for everything all of his staffers say, or 3) support the argument that the term ""hostage-taking"" is equivalent to the term ""terrorism?""",Rational Persuasion,Persuasive Inquiry
"He watches too much TV, he thinks you can just touch the guy and he goes down and stays still for handcuff, then he wont be any trouble while you walk him to the car.",Rational Persuasion,Logical Appeal
"Well no, not that I can see. We learn *logic* - that's how we can answer questions we have never heard before. If we were only ever repeating back strings then I could not answer a question (mathematical or not) unless I have been specifically told that answer before.",Rational Persuasion,Logical Appeal
This idea is completely based on laziness and indifference to your surroundings,Rational Persuasion,Logical Appeal
Being alive does not have intrinsic value. Being alive with a good *quality* of life has value.,Rational Persuasion,Logical Appeal
"TBP promotes the hate of red-pillers, and if anyone takes issue with them, they claim it's a ''joke'' ... there's a lot of genuine hate hiding behind that ''joke''",Rational Persuasion,Logical Appeal
"Well this definitely favors ""femininity"" at the expense of ""masculinity"". So it would be more accurate to say that Custody is the problem of matriarchy, and we must tear down matriarchy to achieve equality in custody. That is, if we're using the feminist redefinition of terms.",Rational Persuasion,Logical Appeal
This almost sounds like slavery. Forcing someone to remain alive against their will to pay more taxes to help out everyone else?,Rational Persuasion,Logical Appeal
"Why not? Knowledge of what is moral must be conveyed somehow. The very fact that you (apparently) disbelieve religious works is proof that the strategy works. What is moral is known, but you can choose not to follow it out of disbelief.",Rational Persuasion,Logical Appeal
Are you sure that fear of change isn't a symptom of your anxiety and depression?,Rational Persuasion,Persuasive Inquiry
"Neither a tattoo of a zombie nor a fairy reduces their ""smaller frames, curves, or softer skin"" that you say women generally possess. Tattoos don't reduce a woman's cup size, or the degree of their skin softness and therefore does not take away from their femininity.",Rational Persuasion,Logical Appeal
"The reason that public universities are cheaper (from a student's perspective) is because they're subsidized with tax payer money. I go to university of wisconsin and if it didn't get state funding, it would just as expensive as Harvard, no doubt about it.",Rational Persuasion,Personal Disclosure
"I said this in my other comment, but I'll repeat it here. You cannot form generalizations based on outliers. Your conclusions are guaranteed to be skewed, due to the nature of outliers.",Rational Persuasion,Logical Appeal
"It looks to me like you've made so many exceptions to your main view that you aren't looking to have your view changed. I'd like to talk about the title of your post, but if you have to make so many exceptions to your view, then it seems you already know it's incorrect.",Rational Persuasion,Logical Appeal
"Do you really think you'll go ""bankrupt"" or are you against this just because of the principal? It sounds to me like your real issue is paying someone for not working, not risk or business practices or losing money.",Rational Persuasion,Logical Appeal
"Legalising steroids for the general public does not imply legalising them in competition, which I think most would agree is a bad idea. Sports governing bodies have their own rules.",Rational Persuasion,Logical Appeal
"Because thats special pleading. If your argument is that things that are complex cant come about of their own accord, than neither can your explanation for complex things existing.",Rational Persuasion,Logical Appeal
There really are more reasons to work with the US than against the US and by that reasoning alone China will be at most #2 for a while.,Rational Persuasion,Logical Appeal
"Did political parties ever have shame? Their job is to win, not to be decent human beings. I think it's the massive media exposure that makes what they've always been doing obvious today rather than any actual degradation.",Rational Persuasion,Logical Appeal
"This rings hollow. The government has no problem taxing news papers, which are inarguably a more important tool of freedom of speech than churches.",Rational Persuasion,Logical Appeal
"Because you cannot prove anything about God, God can literally be anything. You cannot prove he isn't responsible for every human achievement, or that rejecting him doesn't cause eternal pain and torment upon death.",Rational Persuasion,Logical Appeal
so let me get this straight you want planes to do something for free which they could be getting paid for just for your convenience?,Rational Persuasion,Persuasive Inquiry
"Do you think that young children or mentally challenged individuals deserve the same *moral* responsibility if they've never been taught otherwise? Nothing makes torturing puppy *okay*, but when it comes to assigning moral judgment, intent absolutely matters.",Rational Persuasion,Logical Appeal
I think you're only confirming that parents behave irrationally when it comes to their children.,Rational Persuasion,Logical Appeal
"You feel that a 3,000 year old religion practiced by a portion of humanity is more of an indicator of our 'natural' diet than the 2.5 million year history of the homo genus? Even anatomically modern humans have been around far far longer than any religion and their respective dietary habits...",Rational Persuasion,Empirical Evidence
"It's very unlikely you will get very good at something you don't really like. What do you think is better? An expert on physics, or an average engineer?",Rational Persuasion,Persuasive Inquiry
"It's necessary to take off work to raise an infant, so society has adjusted for this. Why does everything have to be about fairness? Reproduction is central to the existence of humanity; employees desiring similar time off for their ""own pursuits"" is not.",Rational Persuasion,Logical Appeal
Wouldn't it be better to tell them that nobody is special and that we all have strengths and weaknesses?,Rational Persuasion,Persuasive Inquiry
"I don't know. If, culturally, boxing has fallen out of favor, replaced by MMA, then, more likely than not, the next great will emerge not as a boxer but as an MMA fighter.",Rational Persuasion,Logical Appeal
There's one problem to your argument. Cyber bullies do get addresses. There was a girl at my college who had her phone number and address posted on 4chan. She recieved rape and murder threats until she moved. Some of them were even mailed to her. Those threats were just words.,Rational Persuasion,Personal Disclosure
"It already is lower than virtually every other interest rate: 0%. Considering that my so-called savings account gives 0.1% interest, I don't think they the IRS could give much more than they already do.",Rational Persuasion,Personal Disclosure
"going well it will flood a country vs not having to turn up the thermostat isn't a hard choice. also, if the downsides are unacceptable the upsides don't matter since they won't be present",Rational Persuasion,Logical Appeal
"The us vs them mentality is less a product of either party in the American political system and more a product of the two party system itself. The us vs them mentality exists because american elections are zero sum games, if we don't win then they do.",Rational Persuasion,Logical Appeal
"I don't think anyone in America thought the ACA as it was passed is the best route to universal coverage. But a single-payer system like the NHS was too extreme for Rebublicans to even consider. So we got what we could, politically.",Rational Persuasion,Logical Appeal
"""Fault"" falls on the person who is ultimately responsible for what happened. For example: If you don't lock your door at night, this contributes to the possibility of burglary. However, the onus is still on the thief not to trespass and steal.",Rational Persuasion,Logical Appeal
"Why not the history of native americans then? Not only does their history take place in our country, but they continue to exist in this country. Maybe if we had native-american month, we'd understand better their continuous plight and try to be more proactive in supporting their communities?",Rational Persuasion,Persuasive Inquiry
"If I get you really drunk and convince you to sign a contract that says you give all of your belongings to me (even though you really have no idea what you're signing), do you think that contract should be legally binding?",Rational Persuasion,Persuasive Inquiry
"Etiquette is defined by society. Since you yourself have admitted that this goes on all the time, it would imply that society doesn't find it a breach of etiquette (i.e., rude).",Rational Persuasion,Logical Appeal
"Your home, and the possessions therein, do not matter to me. Is it okay, then, to walk into your home and break your things? Am I justified in arguing that it should be legal?",Rational Persuasion,Persuasive Inquiry
"Horses don't damage roads nearly as much as vehicles do, so I have no problem with them not paying for maintenance.",Rational Persuasion,Logical Appeal
"The watch might do the same thing that happened with the iPad. Tablets weren't anything special when the iPad was released, but apple seems to have some combination of market share, public attention, user friendliness, cool factor, and tech that it makes produces take off.",Rational Persuasion,Logical Appeal
"She's playing Russian roulette with not only her own kids, but many others as well. Just because you win one game of Russian roulette does not mean that it wasn't extremely dangerous and irresponsible to do. We don't condone drunk driving just because someone makes it home safely one time either.",Rational Persuasion,Logical Appeal
So when it's 100 F outside women should make sure they're fully covered just because guys think they have the right to stare? Or how about guys should be respectful.,Rational Persuasion,Logical Appeal
Black men aren't the owners of record labels? The biggest labels in the past 20 years have been black owned: Puff Daddy: Bad Boy Sure Knight: Death Row Baby Williams: Cash Money Master P: No Limit Jay-z and Damon Dash: Roc-a-fella Dr. Dre: Aftermath,Rational Persuasion,Empirical Evidence
"I would argue that it's not an issue of ""dehumanizing"" -- ""it"" refers exclusively to inanimate referents. Calling a man ""it"" is as grammatical as calling him ""she"" -- you can do either, but they mean something different from calling him ""he"" or ""they"".",Rational Persuasion,Logical Appeal
"Actually, it is, because they consider things like zip code and credit rating, which are surrogates for race. But since race was so often used to put up artificial barriers, we tend to shy away from it, even when logical. (I have no idea whether the data supports racial insurance costs, FWIW)",Rational Persuasion,Logical Appeal
14 year olds will overwhelmingly only vote for who their parents tell them to.,Rational Persuasion,Logical Appeal
"mark me down as a libertarian that is against corporations. I believe that they couldn't exist without the state as you said, although you'd still have fractional share ownership, those owners would always be at risk of losing more than just the shares they own in a libertarian system.",Rational Persuasion,Logical Appeal
"Because ""energy companies"" are massive, wealthy, and control that kind of spending through political influence.",Rational Persuasion,Logical Appeal
"This may be what you mean, but I would specify that mad cow disease was *spread* by feeding *infected* beef byproduct to other cattle. Cannibalism itself is neither necessary nor sufficient to cause mad cow disease, and eating infected beef causes humans to become afflicted as well.",Rational Persuasion,Empirical Evidence
"I was going to say something similar, except that I think *making* them like a subject unrealistic. Rather, the goal should be to convey the good parts of the subjects so that those who are capable of appreciating it, discover this at an early age (rather than when they're 40).",Rational Persuasion,Logical Appeal
Because the penalties for driving without a license are very high? ...kind of like prison is?,Rational Persuasion,Persuasive Inquiry
"So only those with certain views can come to oath-imposing place of yours, but once they were in, they could hold whatever view they want?",Rational Persuasion,Persuasive Inquiry
"Why do you think that your the only one who can navigate the world of biases? Why do you feel that while you can do it, they can't? Isn't that in itself biased thought?",Rational Persuasion,Persuasive Inquiry
"I'm sorry, but a 60% *increase* is still a significant amount. Would you turn down a 60% raise in your salary because that represents a minuscule fraction of the GDP?",Rational Persuasion,Persuasive Inquiry
"First off, BMI is a terrible measure to determine if someone is healthy. As we probably all know muscle weighs more than fat so a muscular person could be overweight without being unhealthy. Second, someone who isn't overweight isn't necessarily healthy.",Rational Persuasion,Empirical Evidence
"""Whites have the right to marry someone of the same race. Blacks have the right to marry someone of the same race. This is why interracial marriage should remain illegal. "" Is this a sound argument?",Rational Persuasion,Persuasive Inquiry
"But Gatsby's car changed from cream to yellow, which symbolizes the corruption of society due to money, which was a main theme of the book.",Rational Persuasion,Logical Appeal
"Wasn't it once thought that babies can't feel pain? Using the same arguments put forth to claim that fish don't feel pain, why wouldn't a hyper-intelligent alien conclude that humans don't feel pain?",Rational Persuasion,Persuasive Inquiry
"It is difficult to equate levels of suffering. But please keep in that Native Americans were systematically and actively eradicated by the U.S government for a very long time. So while it is fair to say Slavery was and is horrendous, the treatment of Native Americans was also monstrous.",Rational Persuasion,Empirical Evidence
"According to the FBI, 20% of hate crimes in the United States in 2004 were perpetuated against LGBT individuals. It's still legal in 29 states to fire someone for being gay and in 33 states for being transgender. \*shrug\*",Rational Persuasion,Empirical Evidence
Driving under a certain speed in the fast lane can get you a ticket for reckless driving. Endangering motorists and such.,Rational Persuasion,Empirical Evidence
"When exclusives make up the biggest difference between gaming platforms, they certainly *do* determine quality. Linux *is* currently very bad as a gaming platform. It may excel at other things, but it is a mediocre gaming platform.",Rational Persuasion,Logical Appeal
"Of I were in your house, would you tolerate me if I was screaming insults at your family?",Rational Persuasion,Persuasive Inquiry
You expect them to ally with you in spite of the fact that you admit that you're working against them? Why?,Rational Persuasion,Persuasive Inquiry
"The reasons Kanye's work has been critically lauded have rarely if ever been related to his lyrics. His production has been and will always be the cornerstone of his career, and I don't think you can argue the song is incredibly creative and immaculately produced from that focal standpoint.",Rational Persuasion,Logical Appeal
"So you are only against contributing to cancer? You aren't against contributing to the green house effect which is melting a continent made of ice, which is causing the oceans to rise, and is likely to remap the entire planet in the next century or so? Why is cancer worse than that?",Rational Persuasion,Persuasive Inquiry
Having April Fool's Day means that there are 364 days every year that are NOT April Fool's Day. Having a coordinated time for everyone to get their mischievous tendencies out and play (mostly) harmless pranks on each other frees up the rest of the year.,Rational Persuasion,Logical Appeal
"""Food deserts"" exist all throughout America. Hunting and fishing the land around you is a better alternative then forcing anyone to rely on a grocery store 10 miles away that doesn't even have good quality food.",Rational Persuasion,Logical Appeal
"That's an unfair comparison. Kubrick is a great director with a better cast and budget, of course that version is better. There are certainly things that simply aren't done well by films. You don't need to look any further than The Hitchhikers Guide To The Galaxy to see what I mean.",Rational Persuasion,Logical Appeal
"Your situation might prevent you from feeling happiness *right now*, but that might change at any time.",Rational Persuasion,Logical Appeal
"I believe racism is mostly, if not totally, a result of upbringing/environment. Are you suggesting that almost every American before the civil war was psychologically impaired?",Rational Persuasion,Persuasive Inquiry
"That doesn't counter the original point, which is that authors have the choice to sell their book to a library, whereas artists don't have a choice about piracy.",Rational Persuasion,Logical Appeal
"The truth doesn't always lie in the middle. Capitalism and Communism aren't the only possible absolute beliefs. For example, Evolution Vs. Creationism. The truth isn't in the middle, one is in the right and the other is wrong. Is it extremism to say so? Is it wrong?",Rational Persuasion,Persuasive Inquiry
"Spreading the Bitcoin word is what I do. I am not a wealthy person. I honestly believe that mankind needs Bitcoin. Perhaps na√Øve, but that is truly how I feel.",Rational Persuasion,Logical Appeal
same in Florida. Orlando has the lowest unemployment rate in the state but it is all 10 dollar an hour jobs. You are SOL if you want to make more than 30k a year. Meanwhile in South Florida things look better wage wise.,Rational Persuasion,Empirical Evidence
Well human rights implies that these are rights inherent to humans. If they aren't universal they aren't human rights.,Rational Persuasion,Logical Appeal
"Unsustainable spending? And you're going to need evidence that birth rates are correlated with welfare availability, controlling for poverty, before your anecdotes are convincing.",Rational Persuasion,Logical Appeal
"Waffle fries easily spread over your whole tongue, providing maximum fry taste bud coverage. Eating regular fries, you have to get multiple fries to achieve this effect, and they aren't all the same length so you end up awkwardly shoving it into the ketchup but they don't all get covrred",Rational Persuasion,Logical Appeal
The deaths are necessary to the egg industry and don't produce premium meat... So eggs are the product responsible.,Rational Persuasion,Logical Appeal
Because genetic lineage is a concept while somebody else's screw up is actually a child that will suffer since they do not have any parents.,Rational Persuasion,Logical Appeal
"I don't disagree, but disputing the quality of the source is not the same as disputing the accuracy of the information. Do you have alternative data or a specific reason to doubt that claim?",Rational Persuasion,Persuasive Inquiry
"Not all women can use all forms of birth control and regardless, the decision of which method to use is a medical decision that should be made with a doctor without consideration for the religious beliefs of your boss.",Rational Persuasion,Logical Appeal
"I know for nursing at least, a quick google search will show you that this does happen. There are grants and scholarships that target men specifically because they are underrepresented in the field.",Rational Persuasion,Logical Appeal
"yes but the red pill purports that every woman, despite what she says, wants a strong man. A very negative attitude",Rational Persuasion,Logical Appeal
"I think the issue is that one becomes the ""World Police"" not through moral righteousness but simply through power. Or to put it another way, if the Axis Powers had managed to win WWII, would you have been okay with Germany or Japan becoming the ""world police""?",Rational Persuasion,Persuasive Inquiry
"I disagree. Offering multi does not come at the expense of the other students. I shouldn't get discouraged that the students in AP Spanish were better than I was at the language, and it would be stupid to put everyone in the same level Spanish class.",Rational Persuasion,Logical Appeal
"Replace that yarmulke with a turban or a hijab, and reconsider your argument for a minute.",Rational Persuasion,Persuasive Inquiry
"The legislators that put ""under god"" in the pledge and ""in god we trust"" on the money were thinking of the Christian god. There's no denying that fact if you know the history. Your point is well taken though.",Rational Persuasion,Empirical Evidence
Exactly. The concept of self ownership is the axiomatic principle from which actual rights can be logically derived. +1 sir,Rational Persuasion,Logical Appeal
"That's a broken window fallacy. If the government wanted to spend money to create jobs, they could do it a hell of a lot more efficiently than worthless drug testing.",Rational Persuasion,Logical Appeal
"I see you talking about women an awful lot, but it takes two to tango. Are you implying men have no responsibility here?",Rational Persuasion,Persuasive Inquiry
It is reasonable for a women to not know that she is pregnant until later than 8 weeks. Women can menstruate while pregnant and many women do not find out until much later in their pregnancy that they are pregnant.,Rational Persuasion,Logical Appeal
It's a doctor's responsibility to prescribe necessary medication and to not prescribe whatever a patient requests that he doesn't need. I'm aware that's difficult but it's part of the job.,Rational Persuasion,Logical Appeal
"The West Bank is claimed as Israeli territory. Thus, Israel should give Arab residents of the West Bank the same rights as Arab residents of Tel Aviv. This won't solve everything, and full solutions will indeed be quite complicated, but it's a very simple step in the right direction.",Rational Persuasion,Logical Appeal
"And when the kids are adults, the mother won't be required to live near the father anymore. I don't see the difference. The reason the court is requiring her to stay is the kids, not the fact they were married.",Rational Persuasion,Logical Appeal
"It is an analogy, not what it really the case. Chairs are not digital or entertainment. Apply it to music. If we pirate a band's music, a band is out of a job and they don't make more music. We aren't losing any time or energy in the scenario, just capital.",Rational Persuasion,Logical Appeal
"How about taking 2 seconds to search for it, rather than taking those 2 seconds to ask your friends to search for it, and using up 2 seconds of all their valuable time thinking about it and ignoring it?",Rational Persuasion,Persuasive Inquiry
Using an example to illustrate a proven general trend doesn't invalidate the existence of that trend. It's just a way to explain it.,Rational Persuasion,Logical Appeal
"Because nobody watches MSNBC, Fox News is the highest rated cable news channel. MSNBC is also, it it's worst, a little overly apologetic about Obama. Fox News, at its worst, is spreading harmful misinformation (like that the elderly will be murdered by Obamacare).",Rational Persuasion,Logical Appeal
"Carbon dioxide is not painless. The pain from suffocation is caused when too much CO2 builds up in your body. Try holding your breath for as long as you can. That's how it would feel like to die by CO2. However, there are gases that we can use such as Helium or Nitrogen that would not cause pain.",Rational Persuasion,Empirical Evidence
The scare quotes make me think you don't find studies about how Barbies affect the body image of girls to be scientific. But you think your belief that plus sized dolls will encourage girls to be obese is scientific?,Rational Persuasion,Persuasive Inquiry
The SAT is a way to get find out the intelligence of someone regardless of how hard their classes is. The SAT is the same exact test for everyone. If we go by gpa then class difficulty is a factor. Like my class average one year was a 67% while my friends had 80 something.,Rational Persuasion,Personal Disclosure
"There have been cases where woman were the domestic violence perpetrators, the boyfriend called the police and the HE was arrested. This happens ALL the time.",Rational Persuasion,Logical Appeal
"Genetics are only one component of what causes those behaviors, and the literature overwhelmingly demonstrates that genetics are not actually a very strong determinant of gender at all, once societal factors are taken into account.",Rational Persuasion,Logical Appeal
"Die Hard is perhaps the greatest action movie of all time, still holds up completely 27 years later and led to a flood of imitators trying to recreate the magic of the best Christmas film of all time.",Rational Persuasion,Logical Appeal
"Beyond this, bike paths are often designed for recreation rather than transportation. If you are using the bike as a commuter transport, more likely than not the bike path doesn't go where you want to go.",Rational Persuasion,Logical Appeal
I would disagree because you can hear the original voice and inflection and tone used which will generally be better acted then any dubs,Rational Persuasion,Logical Appeal
Pixar and Disney specialize in making animated movies that appeal to both adults and children. Why would they make one that appeals only to adults? That would be cutting their audience in half.,Rational Persuasion,Logical Appeal
"Oil prices cratered in the 90s and started to climb again right around when Putin took office. Russia exports a lot of oil. That's not the whole story, but it is more than half of it.",Rational Persuasion,Logical Appeal
"Censoring someone on a private website in no way infringes on someone's right to free speech. They can always go somewhere else. If the government banned your personal blog, *that* would be infringement on your right to free speech.",Rational Persuasion,Logical Appeal
There have been numerous studies conducted that show that children that grow up without fathers in the home are at a massive disadvantage later in life.,Rational Persuasion,Empirical Evidence
"There are plenty of fictional characters whose race or gender is a defining part of who they are. If those reasons are well articulated and obvious within the work, then gender or race swapping is not staying true to the source or inspiration material. That's something to actually be mad about.",Rational Persuasion,Logical Appeal
"The fact that the woman has to carry the fetus and not the guy is inherently unfair. Thus, ""fairness"" isn't the best way to view the problem. Expediency is.",Rational Persuasion,Logical Appeal
In large part due to alcohol's legality and regulation. Having the percentage of alcohol by volume right on the container is very handy. You just don't get that with coke.,Rational Persuasion,Logical Appeal
"Actually, I would argue that Anthony Kennedy is more independent than conservative. In a perfect world, they would all be more like that. The Supreme Court doesn't need to be more liberal or conservative. It needs to be more impartial.",Rational Persuasion,Logical Appeal
"This. Nuclear war is global war and that's the end of the civilized world as we know it. World leaders have a pretty good thing going, and they're not about to get themselves incinerated. Nobody is going to start a war when they know they aren't personally safe from the consequences.",Rational Persuasion,Logical Appeal
"You can pay a premium and take a front row seat, where you won't encounter that problem. I'm 6'3"", I know the pain.",Rational Persuasion,Personal Disclosure
"Marriage *would* exist, however. It would continue to exist, just under a different name. Nothing else would be changed by this. Marriage is not, and never has been, a religious institution. That is matrimony.",Rational Persuasion,Logical Appeal
"The difference being that (the possibility of) pregnancy was *forced* upon the person getting raped, and not a conscious decision on their part. Its like comparing dying during a war as a civilian, and dying at war as a soldier.",Rational Persuasion,Logical Appeal
Because your professor and/or TAs don't want to sit there all day waiting for you to finish your exam,Rational Persuasion,Logical Appeal
"By that reasoning, so will your life if you don't actively choose to end it. The human race will, eventually, become extinct at some point, much like how your life will end soon enough. Why then, should humans actively work towards their demise if you, individually, shouldn't?",Rational Persuasion,Persuasive Inquiry
"Bottom line: your body is YOUR body, to do with as you please. If an organism depends on using your body to live, you have a right to deny that organism from using it. That is really the long and the short of it.",Rational Persuasion,Logical Appeal
Why not just share the television show simply because it is entertaining? I'm not sure if your daughter would be concerned with the message of the show or its portrayal of women.,Rational Persuasion,Persuasive Inquiry
If abortion is akin murder does that make miscarriage akin to manslaughter? Do you know how many natural miscarriages occur? What makes a miscarriage and an abortion qualitatively different? Agency? Is that it?,Rational Persuasion,Persuasive Inquiry
"I think a lot of young men dont want kids now, but don't want there to be zero possability of it. This isn't a white lie, this is saying ""I don't want it to be impossible for me to naturally concieve children with my significant other.""",Rational Persuasion,Logical Appeal
"Libertarianism argues that a business owner has a right to refuse service or discriminate against an individual for any reason. Including being a woman, which is at stark odds with feminism.",Rational Persuasion,Logical Appeal
"If we are this deep info science fiction realm, why bother with any kind of testimony? How about a time machine that will let us look into the past and see exactly what happened. That would be WAY better than a lie detector for solving crimes.",Rational Persuasion,Logical Appeal
"Those companies are that large because they already won the election. And I can easily vote. I can vote ""none of the above."" You speak as though one of these companies is definitely getting my money, and there's nothing I can do about it. Yes there is. I can just say no.",Rational Persuasion,Logical Appeal
"Take the hypothetical out of the doctor's hands; the unconscious man is an organ donor. Do you smother him to death, so the doc can rake his organs?",Rational Persuasion,Persuasive Inquiry
"I disagree. Rape is so common due to a firmly held patriarchy. Men are taught, in some parts of the middle east, that women are lesser than they are, and don't have the same rights they do. This isn't about sin, it is simply about extreme gender inequality.",Rational Persuasion,Logical Appeal
Aren't you proud when you finally manage to lift a certain weight or ron 100 meters in a certain time too? Why would it be arrogant to be proud of something you have achieved rather than that has been randomly coupled to your life?,Rational Persuasion,Persuasive Inquiry
"Well, it wasn't the word ""fat"" that was the problem. It was an emoticon that was a caricature of a fat person that users were offended by. Why shouldn't Facebook care about it's users?",Rational Persuasion,Persuasive Inquiry
"There are loads more awful books than there are awful TV shows, and there are loads more great books than there are great TV shows because one of the two mediums has been around a bit longer. Those lists aren't worth comparing.",Rational Persuasion,Logical Appeal
"Sometimes no amount of hard work can beat a natural talent. You think all those boxers that Tyson beat to a pulp weren't training hard enough? Talent+hard work beats hard work every time. However, to be just good you really don't need to have a talent, you only need it to become the best.",Rational Persuasion,Logical Appeal
I think it's better to think of obesity as a symptom of a problem. The same problem that causes those other bad symptoms: poor diet.,Rational Persuasion,Logical Appeal
"You failed to address the most important point here. Why do you have no moral qualms with raising animals in captivity to slaughter and eat them, but find slaughtering them in the wild and eating them immoral?",Rational Persuasion,Persuasive Inquiry
"Is it true, or do you just believe it is? Can you provide data to back up your claim?",Rational Persuasion,Persuasive Inquiry
"It is based on a ruling from the Supreme Court that concluded that any government (even local or state) endorsing a religion inherently subordinates non-believers, and hence violates their 14th amendment rights, IIRC.",Rational Persuasion,Empirical Evidence
"To add to this. We tried treating it as a mental health issue only, and used therapy and such to treat it. Didn't work. There is a reason that most medical associations say that transition is the only proven to be successful treatment.",Rational Persuasion,Personal Disclosure
I think the tactic is to point out that what you are arguing is entirely based on subjective value judgments and there are not many ways you can really rationally debate them.,Rational Persuasion,Logical Appeal
*Chuck and Larry* marriages can also be used solely for their benefits; just on a smaller scale.,Rational Persuasion,Logical Appeal
It's probably the most important part of American history. To discuss America without slavery is to not discuss America.,Rational Persuasion,Logical Appeal
Most of the drawbacks of Hinduism you list are really more cultural than religious. Hinduism is a fantastic religion. You don't actually have to do a whole lot. And Hindus as a religion *tend* to be one of the more peaceful ones. Source: I am a practicing Hindu from an Indian family.,Rational Persuasion,Personal Disclosure
She was turned into to CPS numerous times. Did you know they call in advance to let the parent know they are coming thus allowing them to prepare? The courts only care if the money is paid. Of this I can attest to having known others who encountered the same thing with negligent spouses.,Rational Persuasion,Personal Disclosure
Maybe things are different where you are; what you are describing is relatively uncommon in my experience. The immigrants who are financially better off tend to also be the ones who know English - because they are immigrating for a job or for higher education.,Rational Persuasion,Personal Disclosure
"Speaking is easier than action. Sure they are all against the politics of this nation or even apathetic about it, but their actions are supporting it 100%.",Rational Persuasion,Logical Appeal
"Refraining from smoking in an enclosed space is more about the health and safety of the other passengers. It may be more polite to ask before you recline, but that still doesn't make the person rude if they don't.",Rational Persuasion,Logical Appeal
"Search engines are the wrong way to look for a job (well not wrong, but not best). You need to be networking and emailing everyone you've worked in a lab with to see if they or someone they know is hiring.",Rational Persuasion,Logical Appeal
"But antibiotic-resistant bacteria aren't more deadly than bacteria used to be before antibiotics. In fact, they're *less* deadly, because we've learned a lot about how to manage infection even when antibiotics don't work. So your argument is based on a fundamentally false premise.",Rational Persuasion,Empirical Evidence
"For one, he should have changed the name of the place if he wanted to attract younger customers. I've never once in my life thought i needed to get to a JCP for something I wanted.",Rational Persuasion,Personal Disclosure
"You just made the exact same point with slightly more words instead of fleshing it out. ""Pushing for an outcome"" is the ENTIRE BASIS of the adversarial system of justice. Why is that incorrect?",Rational Persuasion,Persuasive Inquiry
Did you actually read what the guy said? Or did you already have a pre-planned response? Because you literally addressed nothing he said.,Rational Persuasion,Logical Appeal
"""Does not work in the United States"" is not the same as ""cannot, will not, has not worked"". A little peek at international homicide statistics will demonstrate.",Rational Persuasion,Logical Appeal
"I think you are working under a incorrect concept of universal healthcare. Even in countries with universal healthcare, you can often still pay out of pocket to see a private doctor.",Rational Persuasion,Logical Appeal
"The meat industry isn't completely hindering society but it's doing a fair amount of damage. No single thing will completely hinder society, so you have to be willing to multitask and care about a few different issues at once.",Rational Persuasion,Logical Appeal
"We already have a massive undersupply of jobs. Allowing child labour just depresses the labour price further, hurting everyone.",Rational Persuasion,Logical Appeal
Do you really think they want to take that chance on getting negative public criticism? The best damage control is the one you don't have to do.,Rational Persuasion,Logical Appeal
Fissionable energy reserves are larger than fossil ones by almost a factor of ten. Even taking into account exponential growth it will be a millennium before we are forced to go looking for these resources elsewhere in the Solar System. And that's still assuming that fusion never becomes viable.,Rational Persuasion,Logical Appeal
"Would you be the one to volunteer to confront, say, a criminal gang armed to the teeth with your taser?",Rational Persuasion,Persuasive Inquiry
You pointed out a weakness that separates her from God. Fiction is full of omnipotent gods and godlike beings who can instantly will whatever outcome they want without even a small gesture that takes two seconds.,Rational Persuasion,Logical Appeal
"Modern drug policy affecting scientific exploration and research, to such a degree that funding mostly goes to studies expressly looking for harm instead of any medical or therapeutic benefits.",Rational Persuasion,Logical Appeal
"He doesn't have to establish that it worked better, merely that it in fact worked and thus serves as am extant counter-example of your claim's central thesis.",Rational Persuasion,Logical Appeal
"I did not say they are guilty, nor did I presume that they will be or should be found guilty. I said they broke the law, which is by all accounts a fact. Whatever other circumstances exist that might influence their culpability doesn't change the fact that laws were broken.",Rational Persuasion,Logical Appeal
They aren't committed *in the name of religion*. They are committed *because of the the belief* in religion. Big difference.,Rational Persuasion,Logical Appeal
"There is certainly risk involved in using a gun for self defense, but I think there is more risk involved in being disarmed and helpless. Those examples do nothing to disprove that guns are effective self defense tools.",Rational Persuasion,Logical Appeal
Of you are unwilling to change your view even if your premise is disproven then I think you're seeing yourself up to just entrench your view further.,Rational Persuasion,Logical Appeal
If it's so irrelevant it shouldn't be that hurtful to her or something to hide. The fact that you feel so strongly about hiding it pretty clearly illustrates how important and relevant it is.,Rational Persuasion,Logical Appeal
"That's your interpretation, but not reality as we have plenty of laws that are laws simply to benefit society (compulsory education) or moral (prostitution being illegal).",Rational Persuasion,Logical Appeal
"This. My dad uses a Mac because he never has to think about anything. Until he does, which is when he calls me, an ex-Unix sysadmin. I would trade my favorite pet for a usable command line interface on Windows.",Rational Persuasion,Personal Disclosure
"Think of it this way; If you see your best friend as a Zombie, you arn't looking at your friend, you are looking at the thing that killed your friend.",Rational Persuasion,Logical Appeal
This is the definition of romantic compatibility. You two were born for each other.,Rational Persuasion,Logical Appeal
"And why would it be necessary to be admitted? One of my degrees is in pure mathematics, I don't think I typed a single thing for that, it's all done with pen and pencil. Why should I have been prohibited from learning mathematics for want of a completely unrelated muscle pattern?",Rational Persuasion,Personal Disclosure
"You are only in that you are representing the views of the victim. If the killed person had no problem with being killed then, by this argument, you wouldn't have a say.",Rational Persuasion,Logical Appeal
"It's like a town only allowing churches (no mosques, synagogues, etc.) to be built and then saying everyone has the same religious rights because everyone's free to go to church.",Rational Persuasion,Logical Appeal
"""Teach men not to rape"" hardly sounds like a campaign to raise awareness of male rape. Sounds much more like an effort to paint men as inherent rapists and women as inherent victims, which is a beneficial status.",Rational Persuasion,Logical Appeal
"Actually, a change in personality is often a symptom of depression. He may have also turned to smoking because the high allows him to ignore reality for the purpose of alleviating said depression. Edit: grammar.",Rational Persuasion,Logical Appeal
"But why would he, if that is only a minority of all cases? surely we'd want to talk about the issue as broad as possible, not just the exceptions.",Rational Persuasion,Logical Appeal
I'd rather have those sites exist where I can easily avoid them at no cost to me than have to pay to get to some websites with good content.,Rational Persuasion,Logical Appeal
"I think you pegged the problem in a nutshell. ""Dire fiscal and economic consequences"" ought to be considered a bad thing by the Republicans too.",Rational Persuasion,Logical Appeal
"Under the Geneva Convention, yes. It's not a war crime if it's a valid military target, and it becomes a valid military target when you store missiles in it. Like he said, it's morally questionable, but it is ""allowed"" by international standards.",Rational Persuasion,Empirical Evidence
"So, you don't want just the right to free speech, but the right to distribute pornography to anyone you want without their consent?",Rational Persuasion,Persuasive Inquiry
"We most know very different leftists. Where I live, support for nuclear power almost exclusively comes from the economical right, whereas the left-winged parties keep holding back progress on that front.",Rational Persuasion,Personal Disclosure
I think he means that the business is already paying the full state minimum wage because tipped employees are not treated any differently so everyone refusing to tip doesn't do anything to the business.,Rational Persuasion,Logical Appeal
"You know what other deadly chemical they contain? Beer, which kills thousands each year.",Rational Persuasion,Empirical Evidence
I can see you've got a really firm handle on the issue... The dollar is backed by the aggregate power of the US government. BitCoin is backed by...nothing. Which seems stronger?,Rational Persuasion,Persuasive Inquiry
"Facebook is a for profit company, not a social movement, they do not want to drive their customers away. How many customers will they lose if they keep it vs how many they lose if they get rid of it is the ONLY equation that matters.",Rational Persuasion,Logical Appeal
Nearly 20 years of work to support a home you don't live in is a sovereignty issue.,Rational Persuasion,Logical Appeal
"This is true for everything, though. Protection against risk isn't worth an infinite amount. Unless your position is that it's **never** a good idea to take a risk, you haven't really presented an argument for why this particular risk is a bad one to take.",Rational Persuasion,Logical Appeal
The thing you gotta understand is that most rapes occur in a familiar settings by someone known by the victim. How do you defend against that?,Rational Persuasion,Persuasive Inquiry
"So, if I don't value someone at the front door for more than $8/hour, I shouldn't hire them. So, what is this uneducated, and unskilled person to do?",Rational Persuasion,Persuasive Inquiry
So you'd rather carry around a special tool than clip your own fingernails once a week? Is that what this basically boils down to?,Rational Persuasion,Persuasive Inquiry
"You're counting maternity leave as a wage, not a benefit. Should employees who go to the dentist more often have their wages cut accordingly? Why not lump maternity leave in with other health benefits?",Rational Persuasion,Persuasive Inquiry
"They are all ""nice"" guys who somebody would love to ""have a beer with"". We aren't debating how nice he is, we are debating over whether or not they should be doing what they are doing and the short answer to that is no.",Rational Persuasion,Logical Appeal
There is no such rule that love has to be reciprocated to be love. There are like 1000s of stories in our history and literature of unreciprocated love.,Rational Persuasion,Logical Appeal
If this is truly the case then why did Israel offer all of Gaza and almost all of the West Bank to the Palestinians in 2000 to create their own sovereign state?,Rational Persuasion,Persuasive Inquiry
I'm not trying to argue that these approaches were morally right. I'm trying to argue that the CIA isn't a terrorist organization.,Rational Persuasion,Logical Appeal
"Except now you are working *against* evidence to support the theory, which makes it less likely than any other random theory.",Rational Persuasion,Logical Appeal
"How are the rights of a former human in anyway applicable to the rights of a future human? A former human has no use for their organs, a future human does.",Rational Persuasion,Logical Appeal
I think its far more likely putting someone claiming to be a rape victim with millions of supporters including a prominent United States Senator looking to blame anything on rape culture is a lose lose situation.,Rational Persuasion,Logical Appeal
"&#8710; You changed my view on this. I still agree with the idea that mass media coverage of these events hurts more than helps, but attempting to censor the media though law is a ham-fisted way of resolving a problem that I don't see is resolvable through legislation.",Rational Persuasion,Logical Appeal
The point is that it is important to understand your source of information. Obviously an organization that wants to promote GMO tech is not going to present both sides of the debate fully and objectively.,Rational Persuasion,Logical Appeal
"I think we need to know more about this other person, because, if they aren't as committed to this relationship as you are, it may be time to take a step back and reconsider.",Rational Persuasion,Logical Appeal
Since labor movements burgeoned after the inception of the industrial revolution. Your time may be better spent reading some history. I don't mean to insult you. I mean to point out that you are unaware of all the facts.,Rational Persuasion,Logical Appeal
"What toucher_of_sheep (btw, wtf?) said is correct. If it were your home, and your home alone, then owning a gun wouldn't be anybody else's business. You are going to be in a joint living situation. So it IS your roommates' business.",Rational Persuasion,Logical Appeal
I'd like to point out that Germany divides students by aptitude around the sixth grade. And there's no stigma regarding trade schools versus university over there. It can work.,Rational Persuasion,Empirical Evidence
Costco pays 12 starting and 22 on average. They are doing just fine. They aren't working with 15% of the employees walmart is. You still need bodies to stock shelves and run cashiers. Skilled laborers aren't going to decrease your need to have warm bodies in 20 lanes.,Rational Persuasion,Empirical Evidence
That's in large part due to regulations forcing them to pay pensions 75 years in advanced.,Rational Persuasion,Logical Appeal
"I think it is important to note than in a gunless society, it is important that the average police officer also does not carry a gun. Edit to add** Police misuse of guns is as good an argument for gun restriction as any.",Rational Persuasion,Logical Appeal
"My comment implied that male-female gender dynamics affect the situation of men hitting on women in a club. They may affect many other things, but they affect that specific situation in a problematic way.",Rational Persuasion,Logical Appeal
"Agreed. Consent to riding in a car is not 1) consent to getting in a wreck and 2) consent to bleeding out without medical attention. And even if it was, it doesn't mean you suddenly don't have agency (or deserve to have agency) to deal with that result how you please.",Rational Persuasion,Logical Appeal
That many progressives have a concept of liberty and rights different from yours does not mean they do not care for liberties and rights. It means that you and they disagree with each other on how to understand the concept of liberty and the specific details of what entails a right.,Rational Persuasion,Logical Appeal
"The ""asking price"" and the ""mark up"" are the same price. What you explained is that she exactly falls for it.",Rational Persuasion,Logical Appeal
"Not really. The storms you typically get in places that bridges traverse are miniscule in comparison to what goes on in the middle of the oceans. Plus, bridges require a lot of maintenance. Imagine the difficulty and cost of maintaining a span of bridge halfway between California and Hawaii.",Rational Persuasion,Logical Appeal
"Good food is cheap. But a space / cookware to cook it in, time to cook it, and access to where that food is obtained is not something everyone has. Have you heard of food deserts?",Rational Persuasion,Logical Appeal
"Iran funds Hezbollah which carries out war against Israel. Iran sanctions make sure that Hezbollah is less well funded providing clear benefit to Israel, outside of political capital.",Rational Persuasion,Logical Appeal
"Turn her in because she is committing fraud, not because you want revenge.",Rational Persuasion,Logical Appeal
"Be forewarned, the camera on the S4 Active is slightly worse than that of the regular S4 as the camera of the Active works underwater. However, I'm fairly certain both S4s have better cameras than the iPhone 5.",Rational Persuasion,Logical Appeal
"If its usually done poorly and rarely done well, shouldnt we praise the good ones?",Rational Persuasion,Logical Appeal
"I think having to pay for a movie before I see it, or for a game before I play it are bad practices. It makes media creators invest a lot in marketing and trailers and less in the actual content that I pay for.",Rational Persuasion,Logical Appeal
It would be a lot easier and a lot cheaper for you to buy yourself an uninhabited island and live there ... how would you ever afford the billions and billions of dollars to set up home on another planet?,Rational Persuasion,Persuasive Inquiry
This is an example of discrimination against women. The fair way to handle this situation would be to offer paternity leave to men and women instead of forcing women to choose between having children and working.,Rational Persuasion,Logical Appeal
"Loud is an exaggeration. Ugly is completely subjective. Particularly some vertical axis ones with helical blades, are designed to be deployed in urban / suburban areas and look conventionally attractive.",Rational Persuasion,Logical Appeal
"Not to mention that Mythbusters tested many theories of the conspiracy, and they busted all of the theories and came to the conclusion that we, indeed, have went to the moon.",Rational Persuasion,Empirical Evidence
"""Least possible amount of grief"" is impossible to quantify. Unless you can provide an objective definition of the amount of grief, your definition is subjective and therefore so is morality.",Rational Persuasion,Logical Appeal
You can't possibly have evidence for what would have happened if things were different. We have to look at the actual real-world evidence.,Rational Persuasion,Logical Appeal
"It is not empowering to be encouraged by society that you have to make the first move on everything, and chase a woman.",Rational Persuasion,Personal Disclosure
"Animal pets are very happy and content being denied freedom. Humans are not. It is immoral to keep a pet, when a pet is not happy with the arrangement. That's the difference: A human prevented from ""becoming a doctor"" when really he/she want to be a`doctor, will be miserable.",Rational Persuasion,Logical Appeal
"He's not wrong on a technically, he's demonstrably wrong abd there's math to prove it, as you've stated.",Rational Persuasion,Logical Appeal
The scary thing for us English folk is that if Scotland gains independence the chances of a majority vote for Labour in the next 5-10 years are incredibly slim unless unforeseen events take place. Just look at the voting statistics in the last election when you take Scotland out of the equation.,Rational Persuasion,Empirical Evidence
"Wouldn't all these arguments apply to the other members that have a permanent veto power? Instead of the US providing more, why shouldn't China or Russia add to the budget of the UN?",Rational Persuasion,Persuasive Inquiry
"Also, a disease is something you can't change by shear willpower. *Depression should definitely be considered a disease.*",Rational Persuasion,Logical Appeal
"Receiving a fully secular education does not prevent you from also receiving a religious education. If it's necessary to the practice of your religion that you receive no secular education at all, then there's private school or homeschooling.",Rational Persuasion,Logical Appeal
"I think you could argue that, because of his celebrity/financial status, Franco could do the same to a woman closer to his own age. You don't have to be young to be star struck or whatever.",Rational Persuasion,Logical Appeal
"That would be nice. But as long as their is a buck to be made, it wont happen that way.",Rational Persuasion,Logical Appeal
"&#8710; While I don't expect parents to have $250,000 tucked away for a kid, I always thought very little of parents who didn't prepare financially for all possibilities. I never factored extraordinarily expensive children such as those with disabilities.",Rational Persuasion,Personal Disclosure
If you're just memorizing answers before a test than you're doing it wrong. Tests are about proving you understand material not about regurgitating answers you've learned by rote.,Rational Persuasion,Logical Appeal
as an atheist I abhor the idea of an atheist day. We are not a belief structure. If you want to have something I would suggest a day that celebrates scientific achievement.,Rational Persuasion,Persuasive Inquiry
"No, universality does not imply objectivity. If everyone believed that the world was flat, then it would still be objectively true that the world is, in fact, round.",Rational Persuasion,Logical Appeal
They don't give up their ability to secretly enrich uranium. They get to work on advanced centrifuges and they get to avoid direct inspections of those centrifuges. Wouldn't avoiding Iran getting enriched uranium be the whole point of the deal?,Rational Persuasion,Logical Appeal
"You have no say as to what the terms of agreement are. The service(s) dictate the conditions and by signing on and subscribing, you are agreeing to them. There is so subjectivity here whatsoever.",Rational Persuasion,Logical Appeal
I think second hand smoke is clearly established what evidence do you have that would state otherwise?,Rational Persuasion,Persuasive Inquiry
"Why does something that helped form you into the person you are today need to continue? For example, my dad helped raise me and I'm the man I am today because of his parenting, but that doesn't mean I need to stay in his house forever.",Rational Persuasion,Personal Disclosure
"Don't forget, those employees are also often using some form of governmental assistance! The low minimum wage hurts everyone, not just the poor.",Rational Persuasion,Logical Appeal
"As evidenced in cases in the past, surrendering under safe haven without the consent of the other parent is illegal.",Rational Persuasion,Empirical Evidence
I feel like that would be a law of pragmatism more than anything. Figure out that one day of the year has a massive spike in public drunkenness and public fights and make a law that will curb that problem.,Rational Persuasion,Logical Appeal
"The enormous amounts of pain and distress is NOT because of the wish to empower the person being cheated on, it is caused ONLY by the person having cheated",Rational Persuasion,Logical Appeal
"In a dangerous situation, you can help, hinder or do nothing. Those actions have consequences, and you are responsible for your actions just as others are. Why would someone else doing something dangerous negate your dangerous reaction?",Rational Persuasion,Logical Appeal
"No, it isn't a question of terminology. You have a fundamental misunderstanding of Bitcoin's architecture. The blockchain is built, piece by piece, by _everyone_ who runs a miner. There is no authority, except math.",Rational Persuasion,Logical Appeal
"You make a good point, but how can we even remotely begin to accommodate multiple dialects in our education system? It's just not realistic and that's why a standard for language should exist.",Rational Persuasion,Persuasive Inquiry
The policies were necessary to keep all the farmers from going bankrupt. Food prices were so low that farmers were selling at huge losses or letting it rot in the fields. Poor farmers overwhelmingly supported the New Deal and voted to re-elect FDR after those policies were implemented.,Rational Persuasion,Empirical Evidence
"But the slobby person needs to atleast not make his own messes. It's unfair for the clean person to be cleaning the slobby person's mess, just because the slob 'doesn't care'. The slob should be considerate of how their partner feels also.",Rational Persuasion,Logical Appeal
"Criminal offenses are social matters as well. We lock up stalkers as a preventative measure, not on some sense of entitlement.",Rational Persuasion,Logical Appeal
"I think in public with a cover is a great comprimise, unless the baby won't feed with it on. It's like using a tissue/covering your mouth when you sneeze, you don't *have* to, but it is rude not to in public.",Rational Persuasion,Logical Appeal
Yes. Why should an authoritarian regime be replaced by a democracy if the authoritarian system works and the democracy does not?,Rational Persuasion,Persuasive Inquiry
"Primarily because ""person forced to give up a 1/4 of their seat"" is less likely to cause a media storm than ""fat man kicked off plane"" would.",Rational Persuasion,Logical Appeal
Education is worth it. College is not the only source of education. Trade schools and apprenticeships are just as valuable.,Rational Persuasion,Logical Appeal
"Bond is very old boy's club English. It wouldn't change the character of Bond to have him be black in 2015, but in the 60s and 70s, it might have, but in 2015 it's totally possible for Idris Elba to be Bond and just BE Bond.",Rational Persuasion,Logical Appeal
"You might be right and Google music sounds great but it has one glaring flaw. It's unavailable in my country. And Spotify premium is. So that's a pretty big factor for anyone outside of the US, Canada and the UK.",Rational Persuasion,Logical Appeal
"But is that really true, Robert? Is encouraging more respectful behavior completely without merit? I'm not sure that's sensible.",Rational Persuasion,Logical Appeal
"Intelligence isn't as measurable as something like height or eye color. Its obviously a scale, and its damn difficult to measure. But some of us run fast. Some of us jump higher. Why the hell would that be true, but someone of us ""think better"" would be untrue?",Rational Persuasion,Logical Appeal
"Sure, but if you're smart then at the same time you know you're choosing to be rewarded less. So there's no problem.",Rational Persuasion,Logical Appeal
"You provided a lot of evidence why this is beneficial to cyclers. You haven't provided reasoning why everyone else benefits from this. The only logic is ""it gets bicyclists out-of-the-way"". Why can't bicyclist just follow the same rules as cars and everybody act in a safe manner?",Rational Persuasion,Logical Appeal
"Heck, even in ""actual states"" due to the makeup of electoral college votes, my vote as a citizen of California is worth a lot less in terms of percent of an elector than the vote of somebody in Wyoming",Rational Persuasion,Empirical Evidence
Because the problems are at the home. Parents aren't doing their jobs.,Rational Persuasion,Logical Appeal
"""Nothing you do in the matrix really matters and your accomplishments aren't worth anything "" Is the same not true for the real world?",Rational Persuasion,Persuasive Inquiry
Don't you think men are primarily attracted by a woman's physical appearance?,Rational Persuasion,Persuasive Inquiry
I think that it's pretty fair to say that anyone who pays taxes cares about minimizing them.,Rational Persuasion,Personal Disclosure
"- Reasons for being monogamous are character flaws. - *Why would they be character flaws?* - I won't discuss that. Don't you see something wrong here? I personally found it to be quite a wellmade point, and would ask you to reconsider answering.",Rational Persuasion,Logical Appeal
Markets require regulation to prevent anyone from making deals that freeze competitors out of the market. Libertarianism is an appealing theory but I've never seen how it's really expected to prevent the return of robber barons and company towns.,Rational Persuasion,Logical Appeal
"I refused a job while on unemployment because it paid less than the benefits. Worse than that, it paid commission but only when you hit a threshold. The need to feed the family trumped pride. Pride must be nice.",Rational Persuasion,Personal Disclosure
"To be fair, Israel does not face an existential threat to its existence from any country-- they're pretty much safe and their military is *much* more equipped, trained, and powerful than any other Middle Eastern country or terrorist group.",Rational Persuasion,Logical Appeal
"In nature the person who is strongest will have the most rights, simply because he can use his strength to get his way. Weapons make you stronger. So if I have a weapon I naturally have more rights.",Rational Persuasion,Logical Appeal
"So does bonfire smoke. And exhaust smoke. And candle smoke. It's all in the dose, and the dose of second-hand smoke you receive by walking by a smoker in a ventilated area is so close to zero it literally doesn't matter. You're worse off sitting by a fire pit or campfire for a few minutes.",Rational Persuasion,Logical Appeal
"The more money you have, the nicer EVERYTHING you get. Filet mignon costs more than McNuggets, Harvard costs more than community college, and a mansion costs more than a trailer.",Rational Persuasion,Logical Appeal
"As a private citizen, I also am a human with the capacity to make ethical decisions and face responsibility. There is nothing inherently more ethical about a police officers judgement than my own.",Rational Persuasion,Logical Appeal
The moral measure of potential harm to others cannot be based on if the victim finds out. Rape is ok if the person is drugged so noe violence is necessary and they are unaware and a condom is used so that no stds are transmittes or pregnancy occurs?,Rational Persuasion,Logical Appeal
"Look up what a Mississippi appendectomy is. Those aren't from all that long ago. Hitler got his ideas for a eugenics program from us, after all.",Rational Persuasion,Empirical Evidence
"You've clearly never driven a variety of vehicles. What is safe in one car, is harrowing in another. A van or truck going 65-70 on a 55mph highway in Ohio could be in the middle of a cornfield when a gust of wind happens. Then you have older cars, cars that are not as powerful.",Rational Persuasion,Logical Appeal
The five members don't gain influence by being in the UN. The UN gains legitimacy by having the five most powerful countries in the world as it's permanent members.,Rational Persuasion,Logical Appeal
"I would like to take anyone who does not understand this and make them stand at the FDR memorial for any given 5 minutes. Planes sound like they are crashing into DC all the time, every day.",Rational Persuasion,Personal Disclosure
"You're judging the crayon sharpener based on its utility. What about its value as a status symbol? Not only do the *cool* kids have the crayons with a sharpener, but it also shows that your parents love you more than the parents of kids without the sharpener or with (God forbid) Roseart crayons.",Rational Persuasion,Logical Appeal
If the suspect has a chance of not actually being dangerous he shouldn't be shot period.,Rational Persuasion,Logical Appeal
"You laugh, but I think porn has been attributed as the reason vhs won out over betamax, and certainly a driver for improving bandwidth on the internet. (At an unnamed university I had worked for it was estimated that at any time 30% of the internet traffic coming from the dorms was porn).",Rational Persuasion,Personal Disclosure
"Or you could say that they've had it drilled into their heads that they're supposed to be logical, and so they're more comfortable/familiar with such tasks. Different =/= Fundamentally different",Rational Persuasion,Logical Appeal
"But you can devote time to one activity and still have time to pursue relationships, friendships and other hobbies - just because your main focus is a particular trade or hobby, doesn't mean you can't do other things as well.",Rational Persuasion,Logical Appeal
"Welcome to the world. Learning social skills should be part of school, because you aren't getting through life without them.",Rational Persuasion,Logical Appeal
Being able to post naked photos of a person online without their consent is a civil liberty?,Rational Persuasion,Persuasive Inquiry
"Feminism tends to *directly* face women's issues, but as a side effect the world gets better for men as well. Challenging gender roles helps both genders. Fighting rape culture helps male rape victims as well.",Rational Persuasion,Logical Appeal
"Well, that is part of the fundamental nature of free speech, after all. You could say the same thing about the show South Park, that it angers conservatives by slamming their beliefs into the ground, but the fact that you have a right to do that is part of the point.",Rational Persuasion,Logical Appeal
"If you can be ""just family"" with your sister, you can be ""just friends"" with another female.",Rational Persuasion,Logical Appeal
Don't say it's easy to get out of homelessness because that's not true. Becoming homeless usually starts years before you lost your home.,Rational Persuasion,Logical Appeal
Protests inherently create or are involved in emotionally-charged situations. This could lead to more wide-spread bans on protests than you think because any could potentially lead to violence.,Rational Persuasion,Logical Appeal
Do you realize that most kidnappings are made by parents unhappy with the divorce resolution? How can you group it with rape or murder?,Rational Persuasion,Persuasive Inquiry
"To support your point, they already pay for plasma, which sets a precedent.",Rational Persuasion,Logical Appeal
"If you're paying 130 bucks a month for a gym membership, you need to find a new gym.",Rational Persuasion,Logical Appeal
Your title and your post are contradictory and you really should delete this and resubmit a coherent post.,Rational Persuasion,Logical Appeal
"We're going to need to be able to store energy on a massive scale for solar to start providing baseload power, and for countries without the right geography for pumped hydro that's an unsolved problem, and even pumped hydro isn't cheap.",Rational Persuasion,Logical Appeal
"Science doesn't say they're immutable truths though. They're models of the universe which fit the evidence we've seen so far. All scientific models, even the most basic, are subject to revision or deletion if more evidence arises. Newton's laws of motion were revised by Einstein, for example.",Rational Persuasion,Empirical Evidence
"These axioms are undoubtable only within the system of mathematics, and that is because they are deduced from each other (i.e., relative). Speaking of ""truth"" outside of whatever system defines it is nonsense. e.g. inferring from mathematical truth some universal moral truth is not legit.",Rational Persuasion,Logical Appeal
"It's not the university's job. It's the student. I went to college and enriched my life because of the courses I took, how much effort I put in, how I conducted my social life, etc.",Rational Persuasion,Personal Disclosure
"I have to disagree. The Chicago school of Economics heavily influences modern economic theory. While neo-Keynesianism still favors the ideas of an imperfect, irrational market and sticky wages, the ideas of rational expectations have thoroughly been accepted.",Rational Persuasion,Empirical Evidence
"Look, even though Yveltal is Dark/Flying, Xerneas being the fairy type can really change the battle against dragon, and bringing great pros to your team having that powerful of a Fairy type.",Rational Persuasion,Logical Appeal
"I don't know if it'll change your mind, but the reason I drive a manual is that it cost me about $1,500 less than the exact same car with an automatic transmission.",Rational Persuasion,Personal Disclosure
"During that era there were communist ""witch hunts"", intolerance, and paranoia. Not to mention events like the civil rights movement, the controversial Vietnam war, and later watergate, etc. ""American Society"" has always been in a state of change and turmoil, there never were any golden years.",Rational Persuasion,Empirical Evidence
"Why do you like to think we're ""in the sweet spot""? The only way to I can interpret that is ""I like to think things wont keep getting better"". If that's not it please elaborate.",Rational Persuasion,Persuasive Inquiry
Why is it necessary to consider only whether or not another being has moral agency? You haven't yet explained *why* agency is a prerequisite for ethical treatment of another living thing. You've only explained that it is.,Rational Persuasion,Persuasive Inquiry
"Well George Bush's approval rating was 49.5 when he left office. For comparison, Obama's was at 50.1 when he was reelected. So I don't think Bush is as hated as you make him out to be.",Rational Persuasion,Empirical Evidence
"Which is why committees are regularly calling experts pertaining to the issue at hand to testify. No one can be an expert on everything we legislate on, but they can consulte with someone who is.",Rational Persuasion,Logical Appeal
"I don't think anyone is arguing that minors should be allowed to be prostitutes. If someone is pimping a 14 year old, then that would still be illegal. We're only talking about legalizing prostitution for adult women.",Rational Persuasion,Logical Appeal
"You can move to Ireland, but never be Irish. You can live and move to Italy, and never be an Italian. But when you come to the US and immigrate here, you're an American.",Rational Persuasion,Logical Appeal
"But even with your definition, those agencies don't only benefit the poor. They benefit everybody. Therefore, not all of their spending can be considered money spent on the poor.",Rational Persuasion,Logical Appeal
"Pointing out hypocrisy is making the case that the argument must not be as convincing as the speaker claims it is (or is too difficult to implement, or isn't being made sincerely), otherwise the speaker would be convinced by it and act on it.",Rational Persuasion,Logical Appeal
You can't live on $1350 per year. It's difficult to live on $1350 per *month*.,Rational Persuasion,Logical Appeal
Every social movement has its extreme elements. This doesn't invalidate the entire movement itself.,Rational Persuasion,Logical Appeal
"As a past private school goer, I can confirm this is true. My school got absolutely no government money and the teachers were paid next to nothing. Yet every year 90-95% of kids went off to college.",Rational Persuasion,Personal Disclosure
Ignorance of the law is not a legal defense. Even if you didn't know it was a crime you would still be legally responsible for it.,Rational Persuasion,Logical Appeal
There are as many women or more that would consider it offensive to be offered a seat simply because they are female (with the implication that they are inherently weaker). The point is that it's not a real cultural expectation just because a few individuals consider it to be so.,Rational Persuasion,Logical Appeal
"Why would a white guy feel the need to use the word outside of rare song reciting times anyway? It seems like it's more of a 'well they can use it, so can I' thing for the sake of argument. Call your friend bro/dude.. it's not hard.",Rational Persuasion,Logical Appeal
"It's arguably both, given that no citizen can be expected to be an expert in every possible subject they could conceivably be asked to vote about.",Rational Persuasion,Logical Appeal
"So here's the difference between those two situations - one of them is a drunk victim, and the other a drunk aggressor. If a drunk guy hits another drunk guy in the mouth, we don't say, ""if guy 2 had just not gotten so drunk, then he could have dodged that."" That's absurd.",Rational Persuasion,Logical Appeal
"The players know the risks and accept them because: 1. Money 2. Fame 3. Chicks 4. The thrill of playing The players value these things so much that they choose to play. For them, the risks are worth taking. For me, hell no!",Rational Persuasion,Logical Appeal
"Just because it doesn't fundamentally alter your status as a human or physically alter you doesn't mean it's a not a real construct. It's a physical, tangible definition. Unless you can argue that the definition is invalid I'm not really sure where else to go with the argument.",Rational Persuasion,Logical Appeal
"If the law he was being prosecuted for violating was the one he misunderstood, it would be a mistake of law. However, in this case, he is making a mistake of fact (he thinks he is not married, but he is).",Rational Persuasion,Logical Appeal
Just because you don't like something doesn't mean it should be banned. Unless the actions of another are directly causing bodily harm to you or another it really does not belong in the legal code.,Rational Persuasion,Logical Appeal
"Men who feel good about who they are and like themselves have confidence. You can like yourself without being ""alpha.""",Rational Persuasion,Logical Appeal
"Sometimes being too difficult to enforce is a good enough reason to not make something illegal, take a look at alcohol.",Rational Persuasion,Logical Appeal
"You make your own purpose in life. The only way your life lacks meaning is if you give it none to begin with. I would question why you feel that an action's effects have to be felt in perpetuity and never cease in order to be considered ""meaningful"" to oneself?",Rational Persuasion,Persuasive Inquiry
"Is that really any different than a socialist being upset by capitalist-based law, or a libertarian being upset by big-government policy? Unless the policy is directly discriminatory, of course.",Rational Persuasion,Persuasive Inquiry
"Everyone in service and retail will be unable to vote. Instead of shorter shifts, shifts would be longer to accommodate the sale rush and those days would be time off ""black out"" dates. A voting day holiday would mean anyone who works retail, sales or service cannot vote.",Rational Persuasion,Logical Appeal
Why not favor just getting more efficient toilets? I don't want my bathroom smelling up my house.,Rational Persuasion,Personal Disclosure
"If you are willing to turn control of this part of your personal life over to others, then what could possibly be left that you wouldn't happily let others control for you?",Rational Persuasion,Persuasive Inquiry
"Now this is a nice compromise solution. Just require that they send a notification of the renewal. One quick email a month to let you know that you're still paying them, solves most of the problems.",Rational Persuasion,Logical Appeal
"I wanted to disagree with you... But its at least a major part. The other part is to provide social goods like lighthouses, highways and firefighters. Things that would be too expensive for the private sector to do efficiently but benefit everyone.",Rational Persuasion,Logical Appeal
"No problem with attractive 16 year olds then? Ok, American version then: Why, by your definition, are 16 year olds unfit to give consent? Why can't someone with the right to drive a car on public roads have the right to control the actions of their own body?",Rational Persuasion,Persuasive Inquiry
Why abortions for women then? Is it not a mother's responsibility to provide for her child no matter what?,Rational Persuasion,Persuasive Inquiry
"If THAT is your standard, then I'm not really sure much of ANYTHING is valuable. Even a supermassive black hole swallowing the Milky Way Galaxy would only be relevant to OUR cluster of galaxies. Surely we can apply value to something smaller than universe-bending phenomenon?",Rational Persuasion,Logical Appeal
Nearly all of the problems youre experiencing are because you havent downloaded to PC or Mobile versions of spotify.,Rational Persuasion,Logical Appeal
"The Academy, which is composed of members of the film industry, isn't racist, but the industry itself is? I think it follows logically that the racist and discriminatory industry will be accurately reflected in the voting members of the Academy.",Rational Persuasion,Personal Disclosure
"Eh, please isn't pointless. It feigns humility, which theoretically makes the other person more inclined to say yes. It also speaks to the degree of your want. And it reiterates that your request isn't a demand.",Rational Persuasion,Logical Appeal
"Those are assumptions. You can talk to a girl and her not be interested, but you not be creepy as well. It's called treating her like a person. The issue arises when you determine that she is a goal to be had and therefore are looking at your conversation as an end game.",Rational Persuasion,Logical Appeal
"Ever work at a hospital, even as someone who doesn't deal with patients much (clerk, secretary, administrative duties, etc.)? Those scrubs are dirty, stains or no. You'll get MRSA off of it if you're not careful.",Rational Persuasion,Logical Appeal
"Buying things that vastly improve your quality of life could make a person happy. Like buying new teeth or a house, something you really need in your life.",Rational Persuasion,Logical Appeal
"I don't think tickets are correlated with safer driving. As the poster said, just police presence reduces the incidence of speeding. The perfect police department shouldn't have to hand out a single speeding because their presence alone will ensure no one violates the law.",Rational Persuasion,Logical Appeal
"I'm not sure you're as supportive of trans issues as you think, if you consider a trans person not ""really"" a man/woman.",Rational Persuasion,Logical Appeal
"I think the point is that the charge shouldn't be there at all. For lower end residential real estate in New York, brokers no longer provide a useful service. The internet has rendered brokers' listings databases obsolete.",Rational Persuasion,Empirical Evidence
"I have this fear that I might have a terrible accident, and the doctors don't try too hard to revive me because their special patient little Timmy needs a new liver.",Rational Persuasion,Personal Disclosure
"When nobody pays child support, everyone does. The government will end up footing the bill and ipso facto everyone pays child support.",Rational Persuasion,Logical Appeal
"They didn't build what they promised for the ridiculous amount of money in tax breaks, why now.",Rational Persuasion,Logical Appeal
"Beans, quinoa, and nuts are just as convenient if not more so than meat. How about leafy greens? They grow like weeds in gardens and you can just pull them up and eat them. How is beef more convenient than that?",Rational Persuasion,Empirical Evidence
"Not liking hamburgers would be like not liking jazz. A more apt analogy would be to say ""I dont like food"", and we can clearly see some good arguments for eating food.",Rational Persuasion,Logical Appeal
"Xanax and valium are not antidepressants and would not be recommended to treat depression. Evidence base science backs the idea that antidepressants are efficacious in depression, especially in moderate to severe depression.",Rational Persuasion,Empirical Evidence
There's this thing called an abortion that we're trying to get legalized so that women can absolve themselves of those responsibilities.,Rational Persuasion,Logical Appeal
"Before arguing, let me ask this. If I had clear evidence showing that banning assault rifles *did* cause a significant reduction of crime with no apparent increase in governmental abuse, would you change your view?",Rational Persuasion,Persuasive Inquiry
"I'm saying,in this context,the risk is so insignificant it doesn't matter.You could argue that sitting next to a "" sweaty 300lb person ""(as Tim put it) causes stress lowering the immune system and causing other diseases to appear. This is a circlejerk and will lead nowhere.",Rational Persuasion,Logical Appeal
"Vegan for 10 years. Eat some fortified foods, some fake meats, some dark greens. Nutritional yeast for B12 (also it has natural MSG and makes everything delicious). No vitamin pills. I'm a-ok. Have been forever. It's not that hard.",Rational Persuasion,Personal Disclosure
"But they're not in a position to really refuse, as they are desperate.",Rational Persuasion,Logical Appeal
And why would it weigh on their conscience if they didn't care about human life?,Rational Persuasion,Persuasive Inquiry
"Possible situation: CDC brings infected individuals across the sea for help (see recent Ebola case). They claim to be handling the situation very carefully. Mistakes happen (see recent Anthrax case) BOOM, infection in America.",Rational Persuasion,Empirical Evidence
"Have you looked at humanism? Humanist don't really care one way or another about the religious as long as they don't increase suffering. Also, atheists under 18th y/O tend to behave in way you describe. I Think mature atheists realize that picking on religion is largely fruitless",Rational Persuasion,Logical Appeal
"Of course no method is perfect. But it seems like you're making a false equivalence here, like if a psychologist is fallible and you're fallible, then you're both equally fallible. That experts make mistakes only means that you should be doubly skeptical of your own conclusions as an amateur.",Rational Persuasion,Logical Appeal
"I don't think it's a strawman. It's an unintended consequence. It's not hard to imagine someone going in to a heavily-regulated field (say, finance) and intentionally not learning the laws in order to get a leg up by not having to follow the rules.",Rational Persuasion,Logical Appeal
"Yeah, most defense-sector contractors have 5+ years of military experience, and were actually good at what they did when they were in. They're far from entry-level positions.",Rational Persuasion,Empirical Evidence
The only thing you need to see why outlawing alcohol is a bad thing is a basic knowledge of the prohibition in the 20's and 30's,Rational Persuasion,Logical Appeal
"1-2% of all drivers on the road is a huge number. There are currently 250 MM registered vehicles in the US. Let's assume that 80% are used daily. With your 2% figure, that equates to 4 million Americans alone who need speed in one day alone.",Rational Persuasion,Empirical Evidence
"A bicycle is technology, and by using that rather than walking, you reduced the required effort to get to work. Plus, reducing the amount of required effort is *exactly* how technology expands capabilities.",Rational Persuasion,Logical Appeal
"Even if the world does get better, colonizing Mars is a step towards avoiding putting all of our eggs in one basket. I'd like the human species to outlive Earth.",Rational Persuasion,Logical Appeal
"Regarding virtually any parameter you can think of, the difference in inter-gender means is smaller than the intra-gender standard deviation. Therefore gender is a poor predictor of any attribute (except maybe number of penises / vaginas), and should not be a significant factor is decision-making.",Rational Persuasion,Logical Appeal
"Then why doesn't it? I'll give you one reason, but there are a lot. What does that society do when one of it's members acts out of self interest rather than the common good?",Rational Persuasion,Persuasive Inquiry
"I would support making the extra point more challenging by adding ten more yards. The attempt itself should stay, though. It helps with scoring strategy to avoid a tie and going into overtime.",Rational Persuasion,Logical Appeal
"I recently broke up with my girlfriend of 2 years. If one of my friends started dating her, that would mean that I have to see her again, and put myself in a very vulnerable place. It's not at all immature to want to distance yourself from someone in order to let yourself heal.",Rational Persuasion,Personal Disclosure
You can't really ask someone to change your view and place limitations on valid arguments they could use to change your view. That's not really playing on a level playing field.,Rational Persuasion,Logical Appeal
"I think comparing it with something emotionally facile like doubles tennis undermines the purpose of the question, which is a moral question of this specific circumstance. Cheating on your partner is not like playing with a new partner at doubles tennis.",Rational Persuasion,Logical Appeal
Yet there is no stigma associated with a 30-50 year old military recruiter or financier coercing a 17/18 year old into joining the military or taking out a bank loan. Where should the line be drawn when society wants to protect the inexperienced from being coerced by the experienced?,Rational Persuasion,Persuasive Inquiry
"When you are a physician, the likelihood of you meeting and marrying another doctor will increase significantly.",Rational Persuasion,Logical Appeal
"Ice cream flavors aren't a good analogy because they aren't divisive. Your favorite ice cream flavor is not an immutable component of your identity. Try religion. ""Christianity is the best religion in the world."" Now see how your Muslim neighbor feels about that (and you).",Rational Persuasion,Logical Appeal
"If you think that the trauma experienced by rape victims is partly due to societal pressures, then how do you account for similar reactions across cultures - for example in Asia, and Africa. Don't you think that this implies that rape is inherently traumatizing?",Rational Persuasion,Persuasive Inquiry
What are you talking about? The atheists or Hindus or whatever who celebrate Christmas are not attempting to celebrate the birth of your savior. They are celebrating the day when everyone gets together with a Christmas tree and exchanges presents.,Rational Persuasion,Logical Appeal
Why would you want to buy groceries from a cashier who isn't enjoying their job?,Rational Persuasion,Logical Appeal
Not after they've served their time. The punishments for crime should end at some point and criminals should be encouraged in every way to rejoin society.,Rational Persuasion,Logical Appeal
We don't all have to go to college to be functioning members of this society. That's a very narrow minded view and not at all a 'straw man' argument.,Rational Persuasion,Logical Appeal
"How do you ""contain"" it? That's what regimes have tried throughout history... contain, forcibly remove, or kill those different from the norm.",Rational Persuasion,Logical Appeal
"Having tutored students who became reliant on calculators for the most basic (and I mean 0*5 basic) multiplication and division steps, I can see how spending a year of math classes learning the multiplication table by heart would save time over the course of one's academic career.",Rational Persuasion,Personal Disclosure
"You are not really comparing like for like ... if there was a forum for women to encourage each other to be emotionally abusive towards men, and to treat men like objects and to celebrate how they have manipulated men to do what they want, I think there would be a *lot* of hate for such a group.",Rational Persuasion,Logical Appeal
It wasn't just a poorly chosen line. He later doubled down on his statement. He *really believes* that women cause a negative effect on scientific research.,Rational Persuasion,Logical Appeal
"Instead of reducing women's wages, we should grant paternity leave to fathers. This will not only mean that employers have no reason to pay men and women different wages, but will also encourage parents to take a more equal part in the raising of their children.",Rational Persuasion,Logical Appeal
"Many, if not and probably most, socialist countries don't come from first-world backgrounds. The reason for many of these uprisings and revolutions necessarily comes from dire circumstances for the poor and working classes, who favor economic systems that favor *them,* i.e. socialism.",Rational Persuasion,Logical Appeal
"It's a statistical sampling in a relatively normal urban area. You could reasonably extend that statistic to the rest of the urban and suburban areas of the country, which is probably where most police officers are.",Rational Persuasion,Logical Appeal
"Because it inherently implies a negative by its very wording. Not Straight implies that the default is straight and anything else is not part of what is ""right"". It forcibly ties one's identity to the straight identity. You would never call racial minorities Not Whites, would you?",Rational Persuasion,Logical Appeal
"Patronizing a place that serves eggs doesn't increase demand on eggs unless you order eggs. A vegan person can go somewhere and order something that's 100% vegan, and it won't have increased the demand on anything that isn't vegan.",Rational Persuasion,Logical Appeal
Do you also think long range missiles and cruise missiles should be banned? Most of your problems with drones also apply to missiles.,Rational Persuasion,Persuasive Inquiry
"Whenever there is a gay film, they make a big deal about the character being gay. It becomes that character's moral, thereby shunning them from the ""normal"" community.",Rational Persuasion,Logical Appeal
"If the deer is dead before it has any chance to know what's happening, that's more humane than making it's last minutes a terror-filled chase, ending with agonizing injury.",Rational Persuasion,Logical Appeal
"The Rolling Stone article admitted that the author had an interest in searching for a story that would corroborate ""rape culture"" and the ""rape epidemic"" on college campuses. She set out searching for the story that would back up her beliefs, that part is not in dispute.",Rational Persuasion,Logical Appeal
"This is about a woman owning her own body, not a woman owning something that is outside of herself. You can't use analogues that stray away from the fact that abortion concerns a persons ownership of their own physical body.",Rational Persuasion,Logical Appeal
"Why should that matter? Castro had plenty of other countries to trade with, in fact, almost all other countries including mother Russia and China. Why should the success of communism depend on trade with a capitalist nation?",Rational Persuasion,Persuasive Inquiry
"This may be accurate in the simple calculations, but surely isn't valid when you get to complex modeling. There are plenty of times where the computer cannot accurately represent the scenario and if you don't have a clue what to expect, you won't realize it's off.",Rational Persuasion,Logical Appeal
"And the reply was that it's impossible to investigate and enforce expenditure requirements. Even if it weren't, that's only an argument that the current child support laws are lacking, not that the concept of child support is unjust.",Rational Persuasion,Logical Appeal
That's not what he is saying. A clearly dressed officer should not be able to cover their badge number. There is no reason to do so unless they have acted in a way that exceeds their mandate.,Rational Persuasion,Logical Appeal
"Having likewise been robbed at gunpoint, I can attest to this. Once the pistol is already in your face, trying to make a move is a death sentence. What am I going to do? Just nonchalantly reach into the back pocket of my Subway uniform and pull out my 9mm?",Rational Persuasion,Personal Disclosure
"If it was socially acceptable to eat gorilla, we would have farmed them. We could then reintroduce them to bring their numbers up in the wild, and therefore take them of the endangered list and onto the menu at McDonalds.",Rational Persuasion,Logical Appeal
"Poll taxes, and other taxes on constitutionally protected rights, are illegal. This is well established law.",Rational Persuasion,Empirical Evidence
Either both women and men should get to choose or both should be forced to be parents. Don't make the argument that it's better for the child...it's about what the mother wants plain and simple. Equality means equal rights AND equal responsibilities.,Rational Persuasion,Logical Appeal
"Yup its the truth, anyone who has ever bought themselves a soda and said they can't afford to eat healthy are simply saying they can't be bothered trying but heres a good sounding excuse we all use.",Rational Persuasion,Logical Appeal
"One may not be *inherently* superior than the other.. but you have to admit movies tend to be shorter. So even if we agree that movie (as a form) is comparable to literature (as a form), the total experience you get from a movie (an instance of the form) is comparable only to a short book.",Rational Persuasion,Logical Appeal
"It doesn't really help your point. Let's say he had 100 passions, and he would only need to be able to enjoy at least one of them to keep on living. It would be very easy to think of 100 passions that would no longer be possible after his accident.",Rational Persuasion,Logical Appeal
"You need to distinguish between ""taking away"" and ""infringing upon (or failing to respect)"". For example, when the Nazis killed Jews, they didn't 'take away' the Jews' moral right to life; rather, they infringed upon the Jews moral right to life which they did have, regardless of the Nazis laws.",Rational Persuasion,Logical Appeal
"Or some companies would be extra willing to hire Pinkerton because they knew they'd employ direct and ""effective"" methods",Rational Persuasion,Logical Appeal
I don't see how working more than 80 hours a week is safe for doctor or patient. You just can't work at 100% on the schedule.,Rational Persuasion,Logical Appeal
"Yes, consenting to something does change your rights. However the stabber has basically given his rights away. He's in jail, and he can get sued civilly. He may not have to give up his kidney, but he will pay the monetary value of the kidney.",Rational Persuasion,Logical Appeal
"""it puts too much power into the hands of the uninformed public"" Taking power away from the public is undemocratic. The solution is to better inform the public. Not that I really know how to do that unfortunately.",Rational Persuasion,Logical Appeal
The Portuguese experiment; after 10 years it has resulted in greater successes than ever predicted and is the most successful approach to drug reform in the world.,Rational Persuasion,Empirical Evidence
"Drones are exponentially cheaper than planes and tomahawk missiles. Also, what makes a soldier so costly is that when they get destroyed, public support for the war erodes. A drone is just equipment, so I suppose that falls under the ""making war easier"" part of my comment.",Rational Persuasion,Logical Appeal
"Yeah, as someone else whose family owns a moderately large sized business this is a perfect example of something you NEVER put in writing or preferably ever state out loud. It's risk with no gain which is far worse than additional risk with additional or at least possible gain",Rational Persuasion,Personal Disclosure
Recently learned that there's actually a legal precedent for action in such an instance. It's called wrongful birth and the doctor and hospital could be liable for everything your sister went through.,Rational Persuasion,Empirical Evidence
"Fine, then none of the legal proceedings are enforceable, you no longer owe chuck the remaining balance, but neither chuck nor his nurse are criminally or civilly liable for YOUR choices made after consuming alcohol.",Rational Persuasion,Logical Appeal
"If you have a million dollars lying around, sure, the US will take care of you. If you don't have a million dollars around, every other first-world country has better healthcare.",Rational Persuasion,Logical Appeal
"Exactly. We don't work for the sake for the sake of working, we work to be productive. If it's possible to save labour, then it should be done.",Rational Persuasion,Logical Appeal
I think it's the responsibility of the parents to determine what the kids watch and what not. Swearing is part of life and you shouldn't censor it just because there might be kids watching. Following that logic you would have to censor a lot of things.,Rational Persuasion,Logical Appeal
"Yes, and companies do can and do voluntarily choose to label GMO or non GMO. But what we are talking about is a governmental forced labeling system.",Rational Persuasion,Logical Appeal
"the difference would be a huge deal given a larger sample size, but this is a very small scale example so you can't really expect the numbers to match up perfectly. Honestly 1:6 to 1:7.6 is pretty close for such a small sample size.",Rational Persuasion,Logical Appeal
"It isn't about race. It's about the fact that if you institute a test for voting capacity, it can be manipulated by those in power to exclude groups they don't want voting.",Rational Persuasion,Logical Appeal
This. There was MORE than enough actual scandals going on in his personal life to easily disgrace him in the public's eye. That would have taken so much less effort than all the time and energy that would have went into staging an assassination,Rational Persuasion,Logical Appeal
"They can be fired, too. They're already risking their jobs striking- the whole point is that they feel so underpaid and taken advantage of that they're willing to risk their livelihoods for change.",Rational Persuasion,Logical Appeal
This claim is ignorant of human behavior. Who wants to be the one banker in 1950s Alabama to loan money to black entrepreneurs?,Rational Persuasion,Persuasive Inquiry
But when it comes to infidelity the circumstances don't matter? Your original view is an absolute.,Rational Persuasion,Persuasive Inquiry
"Having been through basic myself, this is not the objective. The objective is to stress the recruits physically and mentally while building an *esprit de corps* and soldierly habits, including a reliance on authority. Psychologically damaged recruits won't fare as well.",Rational Persuasion,Personal Disclosure
"The point is not ""You should send half your apple to Africa"", which is stupid. The point is that you should be mindful of the resources you consume, and empathetic to those who have radically less than you do. It's a metaphor.",Rational Persuasion,Logical Appeal
"If you hold the position that parties and gatherings can be had without anything to actually celebrate, why is it suddenly a bad thing when the occasion is someone's birthday?",Rational Persuasion,Persuasive Inquiry
"No atom lasts forever. Everything will eventually fall apart (even if it will take 10^30 seconds). So, there is no fundamental difference between those exotic, short-lived elements and, say, hydrogen. Any boundary between what should and shouldn't be on the table would therefore be arbitrary.",Rational Persuasion,Empirical Evidence
"Not to mention the entire labour movement is based on the right for its employees to organize and improve the environment they're working in. I don't get how basically saying ""You took the job, now sit down and shut up"" is even an argument.",Rational Persuasion,Logical Appeal
In a competitive world something which disadvantages others tends to give me an advantage over them. America is a competitive place.,Rational Persuasion,Logical Appeal
"while theoretically they could its a matter of why they do so, they don't protest funerals because its against their belief, they do so because they know that by provoking violence they can get paid. also, just because you can doesn't mean you shouldn't use tact.",Rational Persuasion,Logical Appeal
"My point is that friendship isn't ""a job"". It's entirely elective. You do what you feel comfortable with, they do what they feel comfortable with. If you guys can't compromise then maybe you just can't be friends. There's no universal standard for what can be expected, you have to communicate.",Rational Persuasion,Logical Appeal
Of course he doesn't have to. But would you think less of him if he didn't?,Rational Persuasion,Persuasive Inquiry
The short and simple answer is consent. Animals can't give consent and children cannot give consent. Just like you cannot marry a toaster. It cannot give consent. Two adult males or two adult females or any other combination can give legal binding consent.,Rational Persuasion,Logical Appeal
Some schools advance students based on merit instead of age. Would that work better in your mind? You just don't advance the student until they're ready for the next level of teaching.,Rational Persuasion,Empirical Evidence
"Ok. The point I wanted to make was that its rare criminals get caught their first crime, many felons have a long career of crime and only charged once. Being able to weed out the ""good felons"" from all the rest is basically an impossibility.",Rational Persuasion,Logical Appeal
"True love doesn't really exist. Love only comes about with luck, compatibility, and timing. You can have many soulmates Learned this from many experiences",Rational Persuasion,Personal Disclosure
You're willingly working for him in exchange for funds. That's how. Be your own boss if you want.,Rational Persuasion,Logical Appeal
Do you acknowledge that the hatred of a wide and diverse category of things simply because of their country of origin is irrational? Because it is.,Rational Persuasion,Persuasive Inquiry
"Because society tells them that black = bad and white = good. There's an excellent video of some young black girls with dolls demonstrating this. When asked to show the ""good"" doll most of them picked up the white doll.",Rational Persuasion,Empirical Evidence
"Any particular reason? As our consumption of realistic and gratuitous violence in the last several decades, our violent crime rates have plummeted.",Rational Persuasion,Logical Appeal
You have misinterpreted scarcity. The ability to reproduce something does not preclude the ability to produce it in the first place.,Rational Persuasion,Logical Appeal
"I think it might actually help decreasing unemployment since you need more workers to get stuff done. And taking work shifts is already usual practice in super markets, gas stations and so on.",Rational Persuasion,Logical Appeal
"Actually even if we agree that a fetus is fully a living human person in every way, we can still disagree that a woman must be forced to provide for that person with her own body for 9 months.",Rational Persuasion,Logical Appeal
Requiring N years of experience would be a slam-dunk case of illegal discrimination if youth were actually treated as a protected class in the way that race/religion/etc are.,Rational Persuasion,Logical Appeal
"You aren't keeping things straight in your argument, you are using examples of identifying the intruder before using force to make a point learning intent.",Rational Persuasion,Logical Appeal
"Israel is by far the #1 recipient of US foreign aid. We are directly responsible for their military strength. In that sense, the US is involved in every conflict.",Rational Persuasion,Logical Appeal
Agreed. MBTI isn't designed to be a novelty personality test. It's a tool for psychoanalysis. The fact that a test needs to be administered by a professional doesn't make it a scam.,Rational Persuasion,Logical Appeal
"Education Pfff, my kids are long out of school so why should I have to pay for that. Medicare, why should I have to pay for that when I am young an healthy.",Rational Persuasion,Personal Disclosure
"I'd only say this. If your generation had it ""easy"" would you not take advantage of it? What havoc is your generation wreaking on the next? Hind sight is twenty twenty.",Rational Persuasion,Persuasive Inquiry
"To be fair, though, Israel is probably more concerned with a bunch of countries all ganging up on it at once, like in the Yom Kippur war. They certainly face an existential threat if that were to happen again.",Rational Persuasion,Logical Appeal
"As others have mentioned a misrepresentation or straight up lies can be more effective for a cause than the truth. ""A lie can travel halfway around the world while the truth is putting on its shoes.""",Rational Persuasion,Logical Appeal
"Using that logic, is it also okay to abuse children below the ages of 2? As long as they can't remember it, there shouldn't be any adverse effects?",Rational Persuasion,Persuasive Inquiry
"Yes, the latter is a lot more racist. How in the world would it *not* be? I doubt the Redskins' imagery would even be a concern if it weren't for the name; nobody really cares about the FSU Seminoles.",Rational Persuasion,Logical Appeal
If you've saved $700k+ you won't be investing it in a savings account.,Rational Persuasion,Logical Appeal
What is this previous usage thing you're talking about. I can go to message boards right now and find the word nigger used a derogatory word for a black person. This is current usage. This notion of previous usage isn't a thing right now.,Rational Persuasion,Logical Appeal
3 IQ points is the difference between going to sleep 30 minutes earlier the night before the test. Hardly a good enough reason to breast feed if they don't want to.,Rational Persuasion,Logical Appeal
"Neither is your family, though. If you have not said who owns you in your death, why not give it to government by default?",Rational Persuasion,Persuasive Inquiry
"I don't get the logic. Don't trust the government, so I 'll give my money to some institution made out of thin air that will correctly and ethically admininister the correct payments dutifuly to the lenders? Don't trust the government so I'll create another government?",Rational Persuasion,Persuasive Inquiry
"Generally, the concept of a ""man-hating feminist"" is merely a straw man; they don't exist on a large scale. Feminism isn't about ""women are better than men;"" it's about ""women and men should be held as equals."" And feminists do look at corporations and politics, so...?",Rational Persuasion,Logical Appeal
"The intent of the health insurance exchanges is to create competitive markets for insurance, thereby driving down premiums. Because *everybody* will buy health insurance, those insurers can charge each individual less.",Rational Persuasion,Logical Appeal
"Voluntarism. Humans should have the right to live in whatever system they want. Be it socialism, communism, capitalism, etc. I just don't want to be forced into your system. I would like to be free to choose my own and work/pay for the things I want.",Rational Persuasion,Logical Appeal
"This. The death penalty is an absolute decision that assumes total guilt and does not take into consideration the possibility of innocence, which is the foundation on which our justice system is built. Life in prison is a reversible and far more practical solution.",Rational Persuasion,Logical Appeal
Hypothetical situation: A criminal is holding pointing a gun at a hostage. He counts down 3… 2… what should the police do? With your policy they would not be allowed to shoot the criminal.,Rational Persuasion,Logical Appeal
"It's true that drinking is risky, but so is literally everything else in life. Drinking responsibly is about managing those risks, again just like everything else in life.",Rational Persuasion,Logical Appeal
"I believe it is, because when you do special things to ""get"" a girl you're not being genuine. That is manipulative.",Rational Persuasion,Logical Appeal
You represent the City you are from and could ruin the reputation of it...should that City have a right to condemn your actions outside of their jurisdiction?,Rational Persuasion,Persuasive Inquiry
No it doesn't. Minimum wage means that your work is actually worth less than that value but the government forces your employer to pay you more than you are worth.,Rational Persuasion,Logical Appeal
"Isn't terrorism, by definition, performed by non-state entities? The CIA, then, cannot be a terrorist organization since it is representative of a state.",Rational Persuasion,Logical Appeal
And you don't see any problem with evicting a young couple with a new baby from the house which they have bought?,Rational Persuasion,Persuasive Inquiry
"have you considered going to court and try to get granted emancipation?.. get a job, something to get out of the house?",Rational Persuasion,Persuasive Inquiry
"The movement of feminists is to promote equality for either one or both genders, depending on who you talk to. Having public members who have been targeted under the Gamer gate does nothing to advance the goals of feminism. Neither does the perpetuation of the stereotype of the average gamer.",Rational Persuasion,Logical Appeal
Should all gifts be taxed 90% as well? Should Uncle Sam get 90% of your Christmas presents because it's unfair for rich kids to get nicer things?,Rational Persuasion,Persuasive Inquiry
"It kind of sounds like she's preparing to break up with you. 45 minutes is hardly long distance. In fact, there are probably a ton of couples across the world who wish they could be 45 minutes away from their loved one.",Rational Persuasion,Logical Appeal
"Many animal trainers say you have to catch your pet in the act of doing something wrong to punish it. That way, they understand that the punishment is connected to the crime.",Rational Persuasion,Logical Appeal
I have never washed any of my clothes in hot water. The risk of shrinking and the added cost are not worth it to me for the reasons you said.,Rational Persuasion,Personal Disclosure
"""Waste water treatment? That's gross I don't want to pay for it!"" Not a realistic system.",Rational Persuasion,Logical Appeal
"Something to point out- in the marshmallow experiment, the kids who held out the longest were the most successful later in life. So yes many of us can't wait, but the ones who can are succeeding mightily.",Rational Persuasion,Empirical Evidence
"It's actually an attempt to make your degree more valuable. By connecting a real-world luminary's accomplishments with the degree, it attempts to demonstrate that the degree is not a waste of time but rather is something that a successful and admirable person might consider an honor.",Rational Persuasion,Logical Appeal
"If Joe was such a great guy, why did the wives want to leave in the first place?",Rational Persuasion,Persuasive Inquiry
"On the contrary - immigration is never out of the news, and discussion about a potential referendum on EU membership never ends. No anti-Immigration politicians or commentators these days are saying ""it's about time we had an honest debate about immigration"" because it's happening right now.",Rational Persuasion,Logical Appeal
"I'm not an expert moviegoer by any means, but I've been far more bored by other movies than drive. Drive had me by the balls until the end",Rational Persuasion,Personal Disclosure
The problem is that it's racist for a white person to think that a black person cannot be similar to them in terms of culture and aesthetics.,Rational Persuasion,Logical Appeal
"Tasers are nowhere near as lethal as gun's, but they are still dangerous and not to be used casually.",Rational Persuasion,Logical Appeal
The unions in LA wanted to negotiate for less than minimum wage because some of the benefits they negotiate on are really good deals for everyone and end up costing both the employers and workers less money.,Rational Persuasion,Logical Appeal
"Well, yeah. Alimony isn't always awarded--however if the person would've had savings had they had that other job, don't you think they ought to be granted some amount of money?",Rational Persuasion,Logical Appeal
"This person convinced you based on the argument that it should be made into law that it is always the venue's fault. In realty not knowing their age should only be a legal defense, it is up to the courts to decide if the defense has any merit.",Rational Persuasion,Logical Appeal
"Convicted criminals are more highly stigmatized, having a great deal of trouble even *finding* work.",Rational Persuasion,Logical Appeal
"You seem to think that this internet feminism *stays* on the internet. Unfortunately, it does not. See: the frequent disruption of any movement or gathering critical of feminism on many college campuses. Feminism controls discourse about feminism and gender relations in general.",Rational Persuasion,Logical Appeal
"You can still have a waiting period of up to 90 days. 3 months of cancer growth is a long time, or a very expensive time.",Rational Persuasion,Logical Appeal
"Not entirely sure what you mean by the patriarchy, but when it is socially acceptable to blame victims of rape, what else would you call that? And there is a wage gap between men and women who do exactly the same jobs. That's not some conspiracy theory.",Rational Persuasion,Logical Appeal
"How is believing something that is supported by the best available evidence believing ""unquestionably""? There is nothing unquestioning about scientific understanding of the world.",Rational Persuasion,Logical Appeal
"Self defense is definitely a higher purpose, guns aren't sold and marketed with the intent that they be used in crime.",Rational Persuasion,Logical Appeal
It is a service. The company spends money putting all that stuff together so that when it comes time to giving you a learn a bank make make an educated guess. you can't just dictate how much you think that services should cost.,Rational Persuasion,Logical Appeal
"In an ideal world, this would be awesome. In the real world, I'd be hesitant to have someone who didn't focus on the material themselves try to teach how to reason about p values to highschool students. Better no information than misinformation.",Rational Persuasion,Logical Appeal
"If your consciousness was located somewhere other than your brain, physical damage to the organ wouldn't permanently affect your memory, personality, or cognitive function. Brain damage effectively disproves any kind of external source of consciousness.",Rational Persuasion,Logical Appeal
"""Professional athletes should do their job and shut up."" Isn't that precisely what would happen if they were allowed to skip press conferences?",Rational Persuasion,Persuasive Inquiry
The only time I could see that happening is if it is an adult who is cognitively deficient. And there are already certain measure for that like pleading not guilty by reason of mental disease or defect.,Rational Persuasion,Logical Appeal
"One of the studies doesn't claim that gay couples raise worse kids, it just claims we don't know. The other study has *serious* methodological issues. For instance, it defined children whose parents were ever at any point in a gay relationship as ""gay-raised"".",Rational Persuasion,Empirical Evidence
"Weed is not a CNS depressant like alcohol, you're incorrect. If weed depressed the central nervous system, you'd be drunk, not stoned. I think you're using ""depressant"" to mean emotional depressant, which isn't what it means.",Rational Persuasion,Logical Appeal
"Oh and PS... you say the prisoners pay scale is unfair... They get 10cents an hour... AFTER money is taken out for housing... for food, for clothing, etc... Do you really think crime goes down if you can commit a crime, go to prion and save up 100k in 5 years while getting 3 meals a day...",Rational Persuasion,Persuasive Inquiry
"Libertarians aren't pro-corporate. Corporations are special protections granted certain business that limit their liability. Under a free market, there would be no corporations and business would be held accountable for their actions.",Rational Persuasion,Logical Appeal
"At least it isn't happening with their consent. If someone chooses not to take part in something that they feel is, or can be agreed upon to be, broken, how is that not a legitimate choice?",Rational Persuasion,Persuasive Inquiry
"Because it can be proven to be true. It has nothing to do with ""math dogma"". For any rational number x, there exists another rational number x/2. You never reach a point where a number is just too small to be divided by 2 again.",Rational Persuasion,Empirical Evidence
"While not absolutely necessary, having a Jewish state acts like a safety net for the existence of the Jews. Or to put it another way, Jews could survive with Israel gone, but Jews couldn't die off with Israel still there.",Rational Persuasion,Logical Appeal
"Chickens are frequently thrown into scalding tanks while still conscious, because when you're slitting 80 chicken throats every minute, it's easy to make mistakes.",Rational Persuasion,Logical Appeal
"As long as its two consenting adults, I don't see a problem. How would it ruin a family? Even if it did ruin a family, why should that be illegal?",Rational Persuasion,Persuasive Inquiry
"I think there also comes a point where you're inventing technology for the sole purpose of being able to destroy the environment. Could we potentially figure out ways to make air and water and food without the need for a biome? Sure, but why go to all that trouble when we have the biome already?",Rational Persuasion,Logical Appeal
"I think the issue is one of reasonable evidence. My threshold for ""reasonable evidence"" as you say, is much higher than yours, so what you believe to be reasonable evidence is not to me. Why does my skepticism of your skepticism make me ignorant?",Rational Persuasion,Persuasive Inquiry
"Why do you brush off what you did as ""not important""? It seems like it is.",Rational Persuasion,Persuasive Inquiry
"The ""data"" for homeschooling is enormously limited. I've yet to see a study where the participants weren't volunteers. I've seen more than a few homeschooled students who are vastly behind their peers who have no other support system or way of catching the problem.",Rational Persuasion,Personal Disclosure
Insurance broker here: yes they pay significantly higher premiums and it's very difficult for them to find coverage.,Rational Persuasion,Personal Disclosure
"Wouldn't it be a better idea to have everyone learn esperanto, since it already has a fairly large number of speakers, and is somewhat well known? Not only this, but it shares many of the same characteristics of lojban, while also being extremely easy to learn.",Rational Persuasion,Logical Appeal
"Right, except then you'd not be ""redefining marriage"" to Christians, but literally *totally destroying* marriage as a government institution. Imagine that as an attack ad: ""[Democratic candidate] wants to destroy marriage altogether -- because if gays can't have it, neither should you!""",Rational Persuasion,Logical Appeal
"The problem isn't clickbait titles which are ""non-revealing,"" the problem is when they're deliberately misleading.",Rational Persuasion,Logical Appeal
"Ok, but what if it's currently technologically impossible to provide a level of security that is reasonable? What if it's something that even if he puts forth a good effort he simply cannot do in his lifetime. Should he not change his view to provide the best thing for the present situation?",Rational Persuasion,Persuasive Inquiry
"So...Never? Committing a terrorist act, assassinating the president, defecting to a hostile country. These would all be ok to keep your citizenship? Or is your position just that traveling to a hostile country should be protected?",Rational Persuasion,Persuasive Inquiry
But then by leaving the movie to complain you are lessening the value of the experience you paid for. Edit: forgot word.,Rational Persuasion,Logical Appeal
"Yes, to add to this, the long term physical and psychological scars Frodo had to live with were far worse than Sam's. Sam ended up having kids and being a leader of the Shire (and inheriting Bag End!), while Frodo essentially sacrificed any future he might have on a quest that he did not ask for.",Rational Persuasion,Logical Appeal
"What do you think it is about children that makes hitting them okay? I don't mean as far as the results are concerned, but the ethics of it. If I hit an adult for the same reasons that you think it is acceptable to hit a child for, I would be charged with a crime.",Rational Persuasion,Persuasive Inquiry
"Sure, and if you personally believed that having a name that starts with a vowel is rude, I suppose that that is your right to think that way. However the rest of society is going to disagree with you and think that you are the rude one for arguing about it.",Rational Persuasion,Logical Appeal
"It's a year-long randomized study that found an 88% decline in complaints, which is huge. I haven't been able to find any studies other than the Rialto study, but I'd still prefer it over unfounded conjecture (which is quite literally the only thing you've brought to this discussion).",Rational Persuasion,Empirical Evidence
Do you have a source for your claim? Maybe men aren't buying these games because of the visual portrayal of the characters but for their content. All of this seems like conjecture.,Rational Persuasion,Logical Appeal
"The problem with rail is that it's inflexible. No matter how much mass transit you have, you need roads suitable for cars in some form connecting everything for journeys that don't fit into the schedule of mass transit.",Rational Persuasion,Logical Appeal
Because in the case of an uprising the government would know exactly who has guns and who doesn't.,Rational Persuasion,Logical Appeal
"Products could be designed to be modular so that they could be updated instead of completely replaced. You know, like a computer.",Rational Persuasion,Logical Appeal
Women scientists wouldn't have to deal with hostile environments and could also positively contribute if misogynists like him weren't working and actively influencing the structure of labs.,Rational Persuasion,Logical Appeal
"Whether or not it's the managers fault, it's the manager's problem to solve. Solutions could include blocking sites, counseling the employee, or firing. I don't think the first is a very good solution because, A) they will work around it, or B) they will find another way to be unproductive.",Rational Persuasion,Logical Appeal
You're looking at it like they're getting married at 14 or something. Age of consent laws protect against this so if we're talking about two 20-somethings getting married there's no power struggle.,Rational Persuasion,Logical Appeal
"If I weigh 300 pounds, the person I'd rather have saving me from a burning building is the one who can lift 300 pounds. I can't say I really care how ""fit"" they are.",Rational Persuasion,Logical Appeal
Then you can't very well argue your own point then can you? That it's overall too much accepted in society as not rude. You can't have it both ways man.,Rational Persuasion,Logical Appeal
"You can (and should) cite the access date of any online recourse. Finding an archived version should be easy, and wikipedia does have a feature specifically for that. Your second argument is null.",Rational Persuasion,Logical Appeal
"The goal of a college curriculum is to make you educated *in general*, and being able to analyze history is a significant part of that. If you really just wanted career training, you would have gone to a vocational school.",Rational Persuasion,Logical Appeal
"As a first responder, I feel your limited life-time on this planet hasn't yet prepared you for reality. I've seen bodies cause accidents that were tossed from vehicles. If you don't value your own, fine, but others value theirs.",Rational Persuasion,Personal Disclosure
"Compared to being black, it's 100% a choice, at the very least it is a thing that can be changed. It is not an innate trait.",Rational Persuasion,Logical Appeal
"Try the other way around: wouldn't you be sensitive about words that become slurs for white males if you heard them all day long? How would you react if women or blacks kept making jokes with these words and, following your light complain, answered 'hey freedom of expression don't be so sensitive'.",Rational Persuasion,Logical Appeal
I would argue that it should be regulated so that we can reduce some of the risks such as spread of disease or abuse.,Rational Persuasion,Logical Appeal
"Is a happy animal that would otherwise have died outside (because a shit ton of the animals in the zoo are either animals saved from poachers, rescued from private zoos, or the descendants of each) any worst off than the dead animals they otherwise would be?",Rational Persuasion,Persuasive Inquiry
Daylight saving time doesn't need multiple timezones. The UK has daylight saving but only one timezone.,Rational Persuasion,Empirical Evidence
"Since apparently nothing works, have you considered chaining him to something so he can't jump the fence? Even that is a better solution than abandoning him. I just find it hard to believe that you've literally exhausted every possibility.",Rational Persuasion,Persuasive Inquiry
"If hidden variable theory has no more predictive power than nondeterminism, on what basis do you suggest that we are moving away from nondeterminism? What is this mounting evidence that suggests hidden variables exist or that nondeterminism is false?",Rational Persuasion,Persuasive Inquiry
"I think some basic rights must be protected no matter what the majority in a specific region think, such as abortion rights, gun rights, privacy rights, free speech, due process, etc. That is to me the most important purpose of the federal government and supreme court.",Rational Persuasion,Personal Disclosure
"I mean surveys use a lot techniques to try to guarantee reliability and validity, to an outsider the numbers may seem arbitrary but there are a lot of fail-safes to avoid skewed data.",Rational Persuasion,Empirical Evidence
"Unfortunately for your viewpoint, the constitution says that no change to congressional compensation may go into effect without an election in between when it is passed and when it goes into force.",Rational Persuasion,Empirical Evidence
They don't want it. Their local community has voted it out. Do we force them?,Rational Persuasion,Logical Appeal
As long as all involved in the relationship are adults I don't think it's society's task to try and prevent potential dominance in a relationship.,Rational Persuasion,Logical Appeal
"All of these are literally impossible if you have no money and no time to learn a new trade in order to do so. Easy to say, impossible in reality.",Rational Persuasion,Logical Appeal
"Forgive me, but I find this axiomatically incorrect. A corrupt government is, to me, intolerable by its very nature. And I'm not sure why an effective government would be intolerable; if it's doing it's job, what couldn't you tolerate?",Rational Persuasion,Persuasive Inquiry
"If analogies were 100% like each other, they wouldn't be analogies, they'd be exact same thing. You know he didn't mean both were stealing, he only meant to compare the part about how the reasoning of another person will do it anyway is bad reasoning.",Rational Persuasion,Logical Appeal
Plus a simple negligence analysis ignores the uphill battle you'd have of convincing a judge that these parents don't have a constitutional right to make such private decisions.,Rational Persuasion,Logical Appeal
"This. If a woman is an addicted smoker the shock to her body when she quits could have negative effects as well. Ideally you quit before getting pregnant, but ideals are often unreachable. Also, new laws that make these things illegal cause more problems then they would solve.",Rational Persuasion,Logical Appeal
The right to free speech ends where you start to negatively impact others. Wouldn't it be easy to argue that advertising is negatively impacting children? Or is there something I am not seeing here?,Rational Persuasion,Persuasive Inquiry
"This article doesn't mention ""BSA"" or ""Boy Scout"" anywhere at all. The words are never written. It does however use ""Jew"" and derivatives thereof 324 times. It might be slightly biased.",Rational Persuasion,Empirical Evidence
Smoking only affects the person doing it (assuming an outside smoking environment) it is in no way comparable to blood sports or torture,Rational Persuasion,Logical Appeal
"First of all, these links are ""brother"" ""campers"" ""friend"" ""friends."" Not one is an example of pranking a stranger or coworker. Secondly, no one got hurt in any of them. Third, this is not ""humiliation"" it's at worst mild embarrassment. What is the problem?",Rational Persuasion,Logical Appeal
It's profiting off of someone's labor in a way they did not agree to. That's not a real answer to the question. What moral hazard do you think is present in prison labor that isn't present in fines?,Rational Persuasion,Persuasive Inquiry
"To add to the pragmatic argument, brain plasticity seizes up by the age of 25. It's a lot harder to educate adults than children.",Rational Persuasion,Empirical Evidence
If the territory is justly acquired taxation is just another name for rent.,Rational Persuasion,Logical Appeal
"We were talking about the blacks that were ""in need of reparations""... Not your typical black person who has no need for such a thing. And while you may disagree with me, do you really believe that the only problem within poor black culture is they are missing some cash?",Rational Persuasion,Logical Appeal
"If you'd pursued an English degree, you might not be facing this word-selection conundrum....;)",Rational Persuasion,Logical Appeal
We picked *Israel* over *Hamas*. We picked a government over a terrorist group. That's what we do. By this framework we already have taken sides in the struggle in Iraq by backing the Iraqi regime and attacking ISIS.,Rational Persuasion,Logical Appeal
"Yes. That was my point. I think ""date rape"" as a term is extremely unhelpful because it implies that being raped by someone you trusted enough to go on a date with will be less traumatic. All rapes are violent.",Rational Persuasion,Logical Appeal
"Without an organization persuading me at the point of a gun, what is keeping someone from persuading me at the point of a gun?",Rational Persuasion,Persuasive Inquiry
"I just want to add: have you ever worked in academia? Scientists can be just as petty, stubborn, vindictive, and power-hungry as politicians when they're in their own field. I doubt forcing them to participate in politics will fix that.",Rational Persuasion,Logical Appeal
"Flour tortillas are made of essentially lard and flour. They are not healthier than bread. Corn tortillas are healthier, but do not have the structural integrity to hold a large amount of food, which defeats the purpose if a burrito in the first place.",Rational Persuasion,Empirical Evidence
"In porn, both parties are professionals. In prostitution, only one is. In porn, there are regular tests for both participants to make sure there is as small of a chance to spread an STI as possible and the same can't be said about prostitution.",Rational Persuasion,Logical Appeal
"You're assuming that the new is always better than the old, which is a fallacy itself.",Rational Persuasion,Logical Appeal
"That happens to thousands of healthy animals every hour. Why the uproar? Because it's just cows, pigs, chickens and other ""not so cute"" animals?",Rational Persuasion,Persuasive Inquiry
"My point was, had Obama been in the same 9/11 situation, you can't say that his approval rating would not have been just as high. This had more to do with the circumstance and less to do with who was in charge at the time.",Rational Persuasion,Logical Appeal
"EXACTLY. That was my recollection. Not that I would spend a penny on anything that would help him. He didn't just kill his wife, he destroyed his kids' lives, too. Long before the trial, I, like everybody else, thought he was just wonderful, a great athlete, handsome, etc.",Rational Persuasion,Personal Disclosure
The solution would be to recognize this and take realistic counteract it. Have social events everyone can attend. Institute more objective criteria for promotion and partnership. Don't allow students at social events that only one gender can take part in. Does that seem difficult?,Rational Persuasion,Logical Appeal
"To the contrary. The whole point of the two state solution is that if the two parties cant stand each other, then they should be separated.",Rational Persuasion,Logical Appeal
"Well, the exact regiment of vaccines for diseases in Africa are probably not applicable to a kid from Nebraska. The question is where do we draw the line with these?",Rational Persuasion,Persuasive Inquiry
Just because something is 100% natural and unaltered it doesn't mean it cant be bad.,Rational Persuasion,Logical Appeal
They are impossible to enter in rush hour traffic. Plus if there are a lot of them on a straight road then going around them is terribly annoying. Right-left-right-right-left-right-left-right - better not be nauseous or have groceries in the back seat.,Rational Persuasion,Logical Appeal
"The government is not particularly good at determining the ""right"" value, if there is such a thing. And the value of a good is what the market determines at any given time.",Rational Persuasion,Logical Appeal
"The point is that you can use that to your advantage. If you say you changed your mind in the future, you will be liked by the new political side you've chosen (or claimed to choose). It's pretty much a no lose situation.",Rational Persuasion,Logical Appeal
"That is pure conjecture. While the first time between any couple is often not the best, the curve for learning each other is not made worse by choosing to wait.",Rational Persuasion,Logical Appeal
I'm not. I want them venting in one place. I want their brand of crazy public. I'd argue that secretive racism is the worst type.,Rational Persuasion,Personal Disclosure
"Except she provoked it by physically assaulting him, therefore making him the victim.",Rational Persuasion,Logical Appeal
Greenpeace is a horrid example. They irreparably damaged Nazca in an act of trespassing and vandalism (which is a violent act) and are refusing to give the names of those involved to the authorities for the investigation. They have no legitimacy anymore.,Rational Persuasion,Logical Appeal
"Using the term *normal* correctly for once. Being physically attracted to post-puberty individuals is normal regardless of their age. I think the person you replied to is using 13 as conservative, obviously not post-puberty, landmark.",Rational Persuasion,Logical Appeal
"Saying Pawn Stars is a show about history is like a guy saying he buys Playboy for the articles. The crux of the show is about conflict and resolution (in the form of absurd bargaining), not history. The crux of a Playboy magazine is the pictures and the spreads, not the articles.",Rational Persuasion,Logical Appeal
"So money spent is not the same as money saved. You're saying the money isn't money, that not all money is equal, and that there are different types of money. To be honest, I don't think that's a logically defensible economic position. Can you perhaps expand on your viewpoint?",Rational Persuasion,Persuasive Inquiry
"Where would these kids with no job experience and no money get the capital to start new businesses? Like, why would a bank loan them money in the first place?",Rational Persuasion,Persuasive Inquiry
A ponzi scheme promises dramatically more money back than is invested. That is not the case for bonds.,Rational Persuasion,Logical Appeal
Because it's really easy for an emotionally mature or almost emotionally mature person to manipulate a teenager into saying or doing whatever the older person wants.,Rational Persuasion,Logical Appeal
So you think that all white private schools are ok? We went down that road once and it ended poorly...,Rational Persuasion,Personal Disclosure
I can't imagine a situation where unchecked climate change would be a positive point for a society.,Rational Persuasion,Personal Disclosure
"In elementary school, it won't do any good to learn specifics about any document. What's more important is understanding the roles of both, and building on that as they grow up. Schools currently *should* be doing that.",Rational Persuasion,Logical Appeal
"You can doubt their sincerity all you want, but there are still 400,000 Christian Science adherents in the world. I've literally been told by a Catholic family member that it's immoral NOT to die of certain treatable diseases that are considered God-given. It's dumb, but unfortunately, it's true.",Rational Persuasion,Personal Disclosure
The usual argument for why abortion is different is because the person is inhabiting another person's body. The mother's right to bodily autonomy outweighs the fetus' right to life. Once a baby is born this argument no longer works and the most important right is the baby's right to life.,Rational Persuasion,Logical Appeal
"If someone were to present to them a convincing argument for why existing drug laws violate the constitution, yes. That's part of their job, assessing existing and new laws against the constitution when a case involving that makes its way to them.",Rational Persuasion,Empirical Evidence
"Come on man - If you've ever had an assignment with a due date, you've been expected to do all of those things too. A college class could give you the same time management experience for someone who prioritizes it - it's not exclusive to the work force.",Rational Persuasion,Logical Appeal
I think this is an often understated part of penal system (and I'm bummed you beat me to it). Ensuring that the victims and the public at large is appeased is as important as teaching the criminals a lesson.,Rational Persuasion,Logical Appeal
"But surely there must be some point at which a minimum wage causes unemployment? If not, couldn't we just make the minimum wage much higher, say, $40-50 per hour?",Rational Persuasion,Persuasive Inquiry
"I'm guessing that you haven't studied music theory, or a related field? I haven't either, but many band members have, and they decided that a bass player improves how they sound. I trust their judgement.",Rational Persuasion,Logical Appeal
"60,000 is great money. However, teaching salaries vary WILDLY from state to state. I make 33K before taxes and live in a no-tenure state. And yes, we have plenty of applicants, but where I live, the pool is far from flooded and higher wages/more competition would attract BETTER applicants.",Rational Persuasion,Personal Disclosure
the global cooling of the 70s was debunked -- in the 70s; it was only ever held by a minority of scientists.,Rational Persuasion,Empirical Evidence
That's not true in the slightest. Tests are pressured environments with strings attached to those exams (SATs ~ getting into college) and time limits. Many kids and adults do not perform well under pressure.,Rational Persuasion,Logical Appeal
"This seems hypocritical of you. Women address issues facing women and they're doing what's necessary, men address issues facing men and they're being condescending. Why are women's issues *not* human rights issues, but issues for men are?",Rational Persuasion,Persuasive Inquiry
"His point isn't the legitimacy of the paper or what it wrote, its using language to disguise veiled racism. To be more current, think about the controversy with the word ""thug"" lately.",Rational Persuasion,Persuasive Inquiry
They are putting in more total but less percent of their work and income.. Your saying they're still helping more is like my saying that superman running two marathons is more difficult for him than me running one.,Rational Persuasion,Logical Appeal
The thing is nobody follows or listens to average Joe. So in reality it's just the big players that have found a way to get listened to even more.,Rational Persuasion,Logical Appeal
"If you put your toddler in day care, then you are not being a full time parent, so of course it's easier!",Rational Persuasion,Logical Appeal
"It has been illegal all along, which is why they have to conceal the original source of the information. They do it anyway, which is a reason for you to dislike the NSA data collection program.",Rational Persuasion,Logical Appeal
"It's hardly a level playing field. Instead of going to those willing/able to pay, it goes to those willing/able to take time off work to wait in line.",Rational Persuasion,Logical Appeal
"I think you're seriously underestimating the number of deaths caused by influenza annually. It's nowhere near the ""weak and nonexistent"" thing you make it out to be.",Rational Persuasion,Logical Appeal
"A grand jury can be presented with evidence not admissible in court. Again, this is another reason why the prosecutor has such an advantage. Source: lawyer who practiced in St. Louis County-- me.",Rational Persuasion,Personal Disclosure
"In my case, I use my car almost exclusively to get to remote sites for work. My costs are 15-20% of my gross pay. I'd say my car makes me money.",Rational Persuasion,Personal Disclosure
"So if your logic is about ""more sources for happiness you can enjoy"", then video games are good, because video games would add one more source of happiness. If you did all of those activities that you listed and, in addition to that, you enjoyed video games, that would be better, right?",Rational Persuasion,Logical Appeal
"Coal power releases a lot more radiation than nuclear power does, and kills thousands of times more workers. That's with current, primitive forms of nuclear power.",Rational Persuasion,Empirical Evidence
"So you have a problem with the Christian emphasis of mercy and forgiveness. Cool. I don't see anything in forgiveness that is incompatible to a modern society, especially when that forgiveness is freely given.",Rational Persuasion,Logical Appeal
"Because money isn't the only issue. For example, if employers are more likely to hire a white candidate than a black candidate then giving money to that black person isn't going to help when it's harder for them to get a job because of the color of their skin.",Rational Persuasion,Logical Appeal
"As an ex-mormon, can confirm. Members give 10% to the church. The church buys real estate and malls and stocks. And yet it is defined as 'charitable giving'.",Rational Persuasion,Personal Disclosure
"Originally Boston Strong merchandise *did* go to fund the charity for victims of the attacks. Some Boston Strong merchandise does still fund charities. The sellers that don't give some proceeds to charity might not be lying, but it is slightly deceptive.",Rational Persuasion,Logical Appeal
They signed up for it. I'd feel bad for this kid if he had been drafted but that doesn't happen anymore...,Rational Persuasion,Logical Appeal
Tyrannical governments don't want to kill there citizens but to control them.This is difficult when citizens are armed.,Rational Persuasion,Logical Appeal
"Class division is also felt by nominal differences. What if we went around calling mixed race marriages just 'partnerships'? I know this is the dead horse of pro marriage equality logic, but it should make clear that names matter.",Rational Persuasion,Logical Appeal
"But if women are allowed to be in combat roles, they should have the same physical requirements as men. I think that everybody in combat roles should be able to physically drag/carry their fellow soldiers if needed.",Rational Persuasion,Logical Appeal
"It seems that women expect individual messages of several sentences, written in a thoughtful way, because that is what women DO expect. And the men who do this will get their attention. And some men will and do do this. So the expectation isn't at all unrealistic. You just don't want to meet it.",Rational Persuasion,Logical Appeal
"I think this is the main point. If you're in a car accident, the EMT isn't going to rummage around your pockets or car to find out if you're listed as an organ donor before deciding what to do. They're going to treat you the same way they treat any patient in need.",Rational Persuasion,Logical Appeal
"Any my argument is that if there are so many exceptions, how useful is it, really?",Rational Persuasion,Logical Appeal
"I think your view would make a lot more sense if it were ""rape victims shouldn't have to pay child support."" It's not rape in some states if the guy is 16 and the girl is 18, for example.",Rational Persuasion,Empirical Evidence
"He doesn't get to have consent, it isn't his body. It sounds like his girlfriend doesn't mind. If she does that's a completely separate issue.",Rational Persuasion,Logical Appeal
"Makeup isn't a wonder drug. If you're a Steve Buscemi, it won't turn you into a Leo DiCaprio. And I don't see how it's any more deceiving than getting dressed up for a night out when you normally wear a t shirt and sweats.",Rational Persuasion,Logical Appeal
"You are trying to make fair something that is not. Both parties cannot equally participate in the gestation process. Only women, at this point in time, can bring an embryo to life.",Rational Persuasion,Logical Appeal
Sports are entertainment. The excess bowl games will die off if no one watches them. If there is enough viewership to sustain them then they are obviously providing enough entertainment to justify their existence.,Rational Persuasion,Logical Appeal
if the parent doesn't want to pay for college that is their choice. but it is unfair to take any chance at financial aid away from the student because their dad makes good money when he isn't supporting the student anyway.,Rational Persuasion,Logical Appeal
"The only reason those companies exist is because of vegan-related movements that call attention to the awful conditions in many mass-production farms. The more vegans or vegetarians there are, the more important it will be for companies to market ethical treatment of animals.",Rational Persuasion,Logical Appeal
"The key difference, to me, is that an imprisoned man can be set free, and even compensated. The death penalty cannot be reversed.",Rational Persuasion,Logical Appeal
"They get by on talent alone their whole lives because *they can do that*. The NFL does not need or want to recruit players with strategic knowledge; they can just get the best players, and teach whatever they need themselves. It's not clear why they would prefer graduates of this program.",Rational Persuasion,Logical Appeal
"But can't you make that claim for anything? ""Well first we pay taxes, buy then what will they take next?"". The fact is, with both taxes, and guns, the answer is nothing. The government doesn't sit around and come up with ways to take citizens rights.",Rational Persuasion,Logical Appeal
"Agreed, but is there any proof that making the laws very harsh will actually help curb drunk driving? If you're going to remove a large portion of someone's freedom and potential livelyhood we need to make sure this actually works.",Rational Persuasion,Persuasive Inquiry
"Speak for your own country. In many countries attempted suicide is not a crime (eg NL). What would be the point? They need help, not a criminal conviction.",Rational Persuasion,Empirical Evidence
dude it's not racist I just think Mein Kampf was a well written book with great narrative that happens to make solid points.,Rational Persuasion,Personal Disclosure
The Senate isn't dictating any policy. They're just not accepting the framing that the House can make certain policies preconditions for funding the government.,Rational Persuasion,Logical Appeal
Now hold on. If you read the Harry Potter novels at the age the characters are (which I did) you can relate to the characters very easily. Harry Potter is about the transition from a child to an adult.,Rational Persuasion,Logical Appeal
"If a black child had wanted to run around Sam Francisco dressed as Batman, would Make A Wish have excluded him from doing so? No. So there is no white privilege in how Make A Wish selects which wishes to make.",Rational Persuasion,Logical Appeal
"Yes, but how can you expect turnover to be equal, or even say with confidence that it is or is not, when such a huge inequality exists? What that amounts to is using the income gap (and it's downstream effects) as justification for their to be an income gap.",Rational Persuasion,Logical Appeal
"The system should be designed for actual users, not for mythical perfect users who only pick perfect passwords. The adobe leak I cited had MANY users using simple passwords. Faster lockout (5 instead of 50) will, empirically, make real life systems more secure.",Rational Persuasion,Empirical Evidence
"Exactly. I'm a student but my wife works. When I had winter break and she was still working, it was of course my job to take care of the house. It's not about gender, it's about both spouses doing their part.",Rational Persuasion,Personal Disclosure
"US Consitution trumps state laws or state constitutions. If a state makes a law requiring bible classes in public school, for example, the Supreme Court will most likely strike it down.",Rational Persuasion,Empirical Evidence
"Those are still low skill, low wage jobs that aren't exactly going to help Keith move up the social ladder.",Rational Persuasion,Logical Appeal
"If you don't need Facebook to keep up with your friends, then why do you use it?",Rational Persuasion,Persuasive Inquiry
"If you vote for a politician pledging a tax break, they are giving you money for doing no more work than you were the year before.",Rational Persuasion,Logical Appeal
"The secret patent idea is still pretty bad because you have some brilliant scientists spending their time trying to figure out a problem some other group had already solved. If it was all public domain they could be working on something new instead of wasting time, money, and their creative energy.",Rational Persuasion,Logical Appeal
"I would presume because the vaccination/autism link was only ever put forward in one paper, which was afterward rescinded, and by a guy whose medical license was revoked for unethical behavior.",Rational Persuasion,Logical Appeal
Would you consider equally qualified men to be superior to women because the women can get pregnant and take more time off/become inefficient?,Rational Persuasion,Persuasive Inquiry
I think you need more of a foundation for your position than just that the fetus will become a unique person. Why does it matter if they will become a unique person?,Rational Persuasion,Persuasive Inquiry
You're missing the part where math teaches children to cultivate their logic and problem solving skills. We need engineers and computer programmers. Without teaching math this is an impossibility.,Rational Persuasion,Logical Appeal
"You may want to read the Constitution. SCOTUS is part of checks and balances. You may not *like* it, but that's their function under the Constitution.",Rational Persuasion,Logical Appeal
"There is no such thing as ""older 35mm films... on 60fps."" Those movies were made in 24fps. If you are watching them in 60fps somehow, it is because your TV is digitally adding frames and speeding things up, hence the poor quality.",Rational Persuasion,Logical Appeal
Socialism is usually defined by worker owned means of production. This means that it is identical to capitalism with the exception that workers have a higher equity stake in the companies they work for.,Rational Persuasion,Logical Appeal
"Aside from the licensing issues, libraries are paid for by the users of said library. Even if you're not paying to rent the movie directly, you are paying for the community to gain the ability to view the film.",Rational Persuasion,Logical Appeal
"I call myself an independent feminist, meaning I don't care what NOW or Jezebel thinks. Actually, I think all feminists should be independent. Did we work to not be controlled by men so we can be controlled by other women?",Rational Persuasion,Personal Disclosure
The number of papers published in a one year period does nothing to say if its actually true or not nor about the quality of the arguments. In the first half of the 20th century you could have produced similar numbers for the support of lobotomy as a common treatment for the mentally ill.,Rational Persuasion,Logical Appeal
"When you work 12 hour days in a coal mine to pay for your family to live in a $50,000 trailer I think that time is one thing that you can't spare. You just want to eat and you may be too tired to cook.",Rational Persuasion,Logical Appeal
But why would you like to enter into a contract with your sibling? The State already recognises a bond between you. Do to mean that the rights recognised between siblings are less that the rights recognized between spouses?,Rational Persuasion,Persuasive Inquiry
"when you are untrained and mixing explosive and toxic chemicals in a motel room thus causing an explosion which severely burns a child in the next motel room, you are not guilty of a ""workplace accident"". You are guilty of gross negligence at the least.",Rational Persuasion,Logical Appeal
What's wrong with Adderall? It looks like you're arguing that the harm Adderall to an individual outweighs the benefit of completing a PhD. I'm not sure that's true. Do you think it's equally foolish for someone to drink a lot of Red Bull while completing a dissertation? Why or why not?,Rational Persuasion,Persuasive Inquiry
I'm sure that abortion can have major psychological consequences on the mother such that it's not a decision to be made lightly.,Rational Persuasion,Logical Appeal
"In BC most districts try to make an explicit effort to include disabled students and other outliers in regular classroom activity. It does make content education slower, but socially it is a much richer social classroom dynamic. Source: I am a teacher.",Rational Persuasion,Personal Disclosure
"..........and a person committing the crime. There's always a victim, and always someone committing the crime. It makes no sense to blame the victim and say ""well, you should have tried harder not to be a victim""",Rational Persuasion,Logical Appeal
"Can you explain your reasoning for this stance? Not teaching something because they don't need to know it yet would undermine educating children completely as most skills aren't used until later in life; including reading, writing and doing basic sums.",Rational Persuasion,Persuasive Inquiry
"How about we don't tell anyone anything? If I want to work midnights, that's my right. And if you want to have a career that pays less but has standard working hours, you can do that too.",Rational Persuasion,Logical Appeal
"A graphic beheading video isn't inciting violence, it's just disgusting. Is there any room, in your mind, for banning anything at all under the grounds of obscenity?",Rational Persuasion,Persuasive Inquiry
"If you ask that to the chef, then you are taking away their focus from cooking, making it take longer for other patrons to get their food. A waiter can answer those questions while the chef focuses on cooking the food with less distractions.",Rational Persuasion,Logical Appeal
But you could be cremated and go to the urn with their ashes instead. Now you have a lovely park instead of a graveyard.,Rational Persuasion,Logical Appeal
"For the umpteenth time, *violent crime rates cannot be compared between nations*. The differences in how they are recorded are too large to make any comparison meaningful, even for seemingly equal lables such as ""assault"". The only metric that is easily comperable is homicide.",Rational Persuasion,Logical Appeal
"If you don't gave a building full of programmers, you don't need someone to clean that building or make lunches for those workers or guard the parking lot.",Rational Persuasion,Logical Appeal
"You make unbacked generalizations (""MSNBC doesn't get facts wrong as much as Fox."") that make it hard to discuss. Both clearly are beyond the boundary of good journalism. How much they pass is irrelevant, we should reject them both.",Rational Persuasion,Logical Appeal
"The demand for healthcare should never be equated to demand for products and services. The ability to be healthy, alive, and productive is the only reason humanity is more than a mere mammal. We privatize healthcare at the cost of human decency.",Rational Persuasion,Logical Appeal
"Well, why do they have lightweight boxers? Everybody knows the heavyweights are physically superior and would dominate very time, why should we let them compete?",Rational Persuasion,Persuasive Inquiry
"You don't think that the militias would have taken shots at northern soldiers when they had a chance? Yes, they were emboldened, but they pushed for political change, they didn't kill a series of presidents or attempt to destroy the norths factories, etc.",Rational Persuasion,Logical Appeal
"The point of punishment is rehabilitation. If he has turned his life around and shows genuine remorse for his actions, what would be the point in punishing him? Now that I think about it, is anyone trying to punish him? What is the point of a pardon for a crime that no one is arresting you for?",Rational Persuasion,Persuasive Inquiry
"If presidents only served one term, it would more resemble the current second term than the current first term, as the big difference between the two--the need to get re-elected after the first--would be gone.",Rational Persuasion,Logical Appeal
Except he took a stand *by* playing the game. Saying that Jackie Robinson playing baseball wasn't central to his part in the civil rights movement is like saying refusing to move seats wasn't central to Rosa Parks' contribution.,Rational Persuasion,Logical Appeal
"Maybe! But you also don't really know till you've tested yourself and undergone ""trial by fire""... in my analogy, the weak man has proved himself to be strong mentally and thus worthy of praise, but the strong man remains untested! The strong man would need a suitably bigger mountain/challenge.",Rational Persuasion,Logical Appeal
But its what parents honestly believe. So they should lie to their children because of your rule would be cruel to them? That sounds like a problem with your rule.,Rational Persuasion,Logical Appeal
"You don't know the boys are better; you know only that average boys are better than average girls, but these are individuals, not averages.",Rational Persuasion,Logical Appeal
"Yeah, we replaced planes with robots, and now use robots far more often than we ever used planes. There may be a time in the future where a robot is cheaper than a boots on the ground soldier. It may be wise to start exercising restraint now.",Rational Persuasion,Logical Appeal
"The internet loved Gary Johnson, but the internet isn't regional, it is international. The number of supporters will be skewed. Under 18s, convicted felons, illegal immigrants and non-Americans all use the Internet and can all express a desire to vote for Bernie but many of them can't",Rational Persuasion,Logical Appeal
"Just because a motorcyclist takes on a certain amount of risk when they ride, does not mean they should be restricted on the type of safety devices at their disposal.",Rational Persuasion,Logical Appeal
"Bodybuilders and weightlifters are already forced into steroids. Look at ""natural"" bodybuilders and then the mr olympia contestants and you will see the difference that steroids make.",Rational Persuasion,Logical Appeal
you don't believe it is possible to make a rich kid feel like an outsider or embarrassed or ashamed of who he is because he's rich? the argument that it is more desirable to be rich or thin is different from the argument that they are therefore immune to being bullied for those attributes.,Rational Persuasion,Logical Appeal
"have you considered that you are addicted, or at least cannot function to your full capacity without the large amounts of caffeine you are consuming. That may be considered not particularly healthy.",Rational Persuasion,Persuasive Inquiry
"It's a fairly self explanatory argument if you know what a Pi is. Both of these are not ""out of the box"" solutions to a given problem. Not only do they require time and effort to pull off but also require a fair bit of know-how and confidence in dealing with hardware and software.",Rational Persuasion,Logical Appeal
"Humans have different 'abilities of thought', if you will. A slave, regardless of whether they were born into it or not, would be able to comprehend that they were a slave. An animal is incapable of such a thought. It is a limit of their biology. So the slave - pet analogy is inherently flawed.",Rational Persuasion,Logical Appeal
"All your same problems apply to rural towns too, if not worse, so I guess you're arguing everyone should live in cities. I think the tranquility of rural and suburban life has something to say for it.",Rational Persuasion,Logical Appeal
Because if they reach that level they can get nuclear weapons whenever they want and would be protected from military strikes targeting their nuclear program.,Rational Persuasion,Logical Appeal
"Except that if you want Sanders to get through, the first big hurdle is for him to win the primary. That's something everyone can contribute to.",Rational Persuasion,Logical Appeal
"Anyone who has enough money to build that pool probably pays a lot of tax money to the government (not in every single case). But of course, government is not necessarily known for wise and effective use of funds for society.",Rational Persuasion,Logical Appeal
"So, for it to fit your definition of morality, it has to have no pragmatic purpose. And, in order for us to change your view, we have to show that it does have a pragmatic purpose. Is that correct?",Rational Persuasion,Persuasive Inquiry
"If no evidence is found, the previous report may be *detrimental* to the victim, especially if s/he is raped again. The victim should be allowed to make a reasonable assessment on the credibility of their case before choosing to go to the police.",Rational Persuasion,Logical Appeal
"I'm not sure you understand how being poor works. If your choices are no job or job with horrible conditions and extremely low pay that will at least allow you to occasionally buy food, you're going to take the job.",Rational Persuasion,Logical Appeal
"I would argue that police officers are more likely to get away with a questionable shoot than a civilian, so they are less likely to hesitate before shooting. In short, civilians have a fear of prison in the back of their minds that officers don't have.",Rational Persuasion,Logical Appeal
The right to control our own bodies is our most fundamental right. Why not start with providing birth control and birth control education for free and see where that takes you?,Rational Persuasion,Persuasive Inquiry
"Considering the costs involved and how much it would annoy/dissuade trainees, no, it would not be a plus. It would be an overall minus to most organizations.",Rational Persuasion,Logical Appeal
"Position of strength probably means they would still hold Pyongyang and any WMD and an ability to threaten kamikaze style ""If I'm going down I'm taking everyone else with me"" attacks on neighboring countries.",Rational Persuasion,Logical Appeal
"You don't need to invent a new language for that, just reform spelling of an existing langauge. But English is among the worst, most other languages use much more reasonable spelling.",Rational Persuasion,Logical Appeal
"You know what else is a naturally occurring plant? Hemlock. Also oleander. And both of those are deadly. Also, ""chemicals"" is not a bad word. Water is a chemical. There are chemicals that are essential to life.",Rational Persuasion,Empirical Evidence
"I'm not someone who hears lyrics when I listen to music, but I have to tell you that you've changed my view that Kanye was shallow and pandering with his lyrics. You make it seem that they are truly heartfelt and his music is an impression of himself.",Rational Persuasion,Personal Disclosure
And they don't take the time to cook for themselves. It's far quicker to grab a bite at McDonalds.,Rational Persuasion,Logical Appeal
"So you're saying that bullying is cool, as long as it's physically possible to change whatever aspect of yourself that you get bullied over?",Rational Persuasion,Persuasive Inquiry
The game isn't even out yet. Isn't it a bit premature to be making value judgements based on its level of quality?,Rational Persuasion,Persuasive Inquiry
I can't change your mind if all you're gonna do is give generic answers to how you feel about a movie or anything for that matter. Specificity please.,Rational Persuasion,Persuasive Inquiry
How is forcing me to get a tattoo not a civil rights violation when taking my DNA or fingerprints without my permission is?,Rational Persuasion,Persuasive Inquiry
"You sound like someone who has never been homeless. Try being at a spot in your life when it's everything you can do to take care of yourself, and imagine the extra weight of trying to take care of another living creature",Rational Persuasion,Persuasive Inquiry
Ignorance of the law is not excuse to not following the law. So why is their knowledge pertinent to their breaking of the law? Should lawyers and law professors also be held to higher standards because they have a better grasp on the law?,Rational Persuasion,Persuasive Inquiry
"Canada is great, but they have their own interests, laws, and standards for entry. There is no reason not to ""trust"" them, but the U.S. would be losing the sovereignty over its borders.",Rational Persuasion,Logical Appeal
Money may not be an incentive but it's very needed since you have to eat The websites that stream songs actually do pay artists above what the radio does if you factor in that the radio is reaching more than one person at a time,Rational Persuasion,Logical Appeal
You didn't actually consent to anything except drinking the alcohol in the first place. All the other ones you weren't in your right mind (because you were drunk) and thus could not consent to anything.,Rational Persuasion,Logical Appeal
"Dude, come on. Do you really not understand that, in plain English, ""you throw like a girl"" implies that girls can't throw? When you insult somebody by saying they're a member of another identity, *you are insinuating that there's something wrong with belonging to that identity*.",Rational Persuasion,Logical Appeal
"If nothing on the scale of Wal-Mart could exist, how would large projects - expensive research, building planes, etc. - be completed?",Rational Persuasion,Persuasive Inquiry
I feel it's even more important in a multi party system most of the time. In Germany the NPD (essentially the neonazi party) iirc has a higher voter turnout than the others so by not voting you end up helping them.,Rational Persuasion,Empirical Evidence
"There are more elections than just the Presidency. Ballots for Congressional Seats, Senate seats, and even your county commissioners will always have a bigger impact on your daily life and tax dollars. Pay attention to these races, and you will see that the range is bigger than you think.",Rational Persuasion,Empirical Evidence
"You get enough money to replace what was lost. If you owned a car worth $15,000, then you've only lost $15,000 worth of value. Why should someone pay for more than what was actually lost?",Rational Persuasion,Persuasive Inquiry
"I suggest you read through the details of that link, because at no point did that person actually use the bayonet as a weapon.",Rational Persuasion,Logical Appeal
"If he was dancing simply for his own enjoyment that would be the case, but here he is clearly trying to connect with and engage with the public. This earns the police department trust and respect, which helps the police do their jobs better.",Rational Persuasion,Logical Appeal
The public at the very least should wait until the trial. Nancy Grace has built a career at speculating on crimes before there's much evidence let alone a trial. Everyone in America had decided their stance in the Trayvon Martin case ages before any evidence was given in court.,Rational Persuasion,Logical Appeal
"If everything and everybody were recorded at all times, it would be very hard to make a false conviction. If you had video footage of every waking moment of your life as well as a record of every conversation, alibis would be much easier to establish.",Rational Persuasion,Logical Appeal
"Ever notice that the phrase ""man up"" is only used when it's trying to get someone to do something against their will?",Rational Persuasion,Persuasive Inquiry
Or they'll make you watch the ads AND make you to pay for stuff. That seems more likely IMHO. Sort of like how nowadays when you go to a movie you pay $12 admission and then still have to sit through half an hour of commercials.,Rational Persuasion,Logical Appeal
"There's a pretty decent argument to be made that any alien species that has the resources/energy and desire to cross the interstellar void is going to be able to crush us with pretty much zero effort, so spending money and effort on anti-alien defenses would be a giant waste.",Rational Persuasion,Logical Appeal
"Why do you think the woman who bears your children would not want to live with them? Reality is that if you choose not to live with the mother of your kids, you will be paying child support and seeing them a limited amount of time.",Rational Persuasion,Persuasive Inquiry
"If Hitler was so socialist, then why did he have the socialists murdered because they were his enemies?",Rational Persuasion,Logical Appeal
"To me, it really sounds like your family are the ones being selfish in all of this, they are demanding you do something you don't want to do, something that will cost you quite a bit of money, for their satisfaction. That is the definition of selfish.",Rational Persuasion,Logical Appeal
Congress is male-dominated because the 53% voting demographic of women put them there,Rational Persuasion,Empirical Evidence
"I came from a household where, rather than get a divorce, because her religion forbade that, my mother killed herself rather than live with my abuse father. Go ahead, tell me that that was better than a divorce.",Rational Persuasion,Personal Disclosure
"They don't see it as hurting themselves, take smokers/drinkers for example. They know they are hurting themselves, but it makes them feel better in some way, so they still choose to do it.",Rational Persuasion,Logical Appeal
"Well your view was based on flawed evidence *until* you were aware of the empirical evidence. Your previous observations don't become ""better"" evidence just because your conclusion based on them was right.",Rational Persuasion,Logical Appeal
"Another difference between smoking and obesity: Everyone can already tell if someone is obese, but on the other hand it is not obvious if somebody has lung cancer or heart problems from smoking (until they are in the hospital).",Rational Persuasion,Logical Appeal
"Society has to make the choice on the legality of it, though. Every child requires varying degrees of care, and many will not continue their lineage. What creates a moral bright line for how much extra care is required to justify killing a child? Is sterility a justification for killing a child?",Rational Persuasion,Persuasive Inquiry
That still doesn't go against anything I said. They still think that 2+2=5 and that you are wrong for thinking 2+2=4. Should it be okay for them to manipulate you?,Rational Persuasion,Logical Appeal
"Division, unlike square roots, is an important life skill that will come in handy very often, and you can't ALWAYS have a calculator. Even if your phone is dead, you should know how to equally divide 240 cookies among 8 boxes.",Rational Persuasion,Logical Appeal
"The kind of kids who take the easy way out aren't the kind of kids who would, or you would even want necessarily, to go into medicine.",Rational Persuasion,Logical Appeal
One if the reasons that is often given for keeping the system in the UK is so children can return home from school in the daylight during winter. They say the road accident rate would soar. That has costs on several levels.,Rational Persuasion,Logical Appeal
"I'm not risking my life or that of my children or pets because the person who broke into my house *might* not be a danger to us. They've already shown disregard for the sanctity of my home so there's no question that they intend to do me some harm, the question is of what degree.",Rational Persuasion,Logical Appeal
"During highschool, I got a 2.77 cumulative GPA. I am now a 4.03 GPA college student with a cancer research fellowship and on my way to medical school. Some of us get our acts together later.",Rational Persuasion,Personal Disclosure
"I think the point is that marriage isn't ACTUALLY a basic human right. If it were, it would be universally accepted, regardless of condition.",Rational Persuasion,Logical Appeal
"Because doxxing and witch hunts happen frequently here. On the canceled USU talk, if someone threatens a *mass shooting*, not just a personal threat, do you think she'd feel comfortable going to the school anyway?",Rational Persuasion,Persuasive Inquiry
They choose not to vote. That means that they do not care and have no say. That is the downside of living in a free society.,Rational Persuasion,Logical Appeal
I lost weight because I got tired of everyone telling me how fat I was and I decided I didn't want to be fat anymore. Self loathing isn't necessarily a bad thing because nobody makes a change if they are happy with themselves.,Rational Persuasion,Personal Disclosure
"Does your low paying job pay less than $15 an hour? If yes, how confident are you that your employer would prefer to pay you $15 rather than firing you and spending that money on something else?",Rational Persuasion,Persuasive Inquiry
"I smoke marijuana occasionally and am strongly anti-cigarette. (a) *nicotine* is physically addictive in a way that the active ingredients of marijuana are not. (b) many cigarette smokers smoke a pack of cigarettes a day; very, very few marijuana smokers smoke an equivalent quantity.",Rational Persuasion,Empirical Evidence
"Dude. Until all (any!) of the normal sanctions are levied, this argument cannot be used. As it stands, the US is basically funding (and therefore implicitly condoning) Israel's actions.",Rational Persuasion,Logical Appeal
"In the words of Winston Churchill, ""Democracy is the worst form of government ever conceived of, except for all the others that have been tried."" I share a lot of your concerns about democracy, but if you don't think we should have democracy, then what kind of government *should* we have?",Rational Persuasion,Persuasive Inquiry
"Robot cars are a much better solution. They may take more time to implement but you can be old and sit in one just as if you were sitting on a couch and if you have Alzheimer's you may not even know the difference. Plus, texting while 'driving' - no problem.",Rational Persuasion,Logical Appeal
"Pretty sure by the nature of that alone, that's correlation and not causation. Owning a gun doesn't magically have a magnet effect on anyone else with a gun causing my chance to get shot significantly higher. It's the impact of how I use this owned gun and how that changes my situation.",Rational Persuasion,Logical Appeal
"This actually makes class mobility easier. The more you learn in school, the more you can learn later in life.",Rational Persuasion,Logical Appeal
"I think you're ignoring the significance of intent behind words, and how once a precedent is set, use of said word can be a callback to that intent in and of itself.",Rational Persuasion,Logical Appeal
"Of course it has more subscribers, any new account, ghost account and novelty account are automatically subscribed to it without their consent..",Rational Persuasion,Logical Appeal
"Are you saying that there has never been a case of a person hating another person exclusively because of the colour of their skin? Because if there has, racism exists.",Rational Persuasion,Logical Appeal
It's like buying lottery tickets. They cost a shitload of cash when in bulk but just one can make up for all the expenses. The chances are pretty simple to calculate when it's a lottery but (pretty much) impossible to calculate when talking about lives.,Rational Persuasion,Logical Appeal
"The last six years have been nice to the market, but I've invested in much shittier times, and if they taxed my investments at my income level, I definitely would've taken the money overseas. And then the government loses out on 100% of my profits.",Rational Persuasion,Personal Disclosure
"Well if you aren't paying the bills and feeding yourself, then you probably aren't happy.",Rational Persuasion,Logical Appeal
"But it goes against the historical precedent of skinny=poor, fat=rich, well-fed. Now, the poor have to eat unhealthy and processed food because it's cheaper and they have less time to cook because of how much they work, and the rich can afford the money and free time to exercise.",Rational Persuasion,Logical Appeal
"I think that it's clear to anyone paying attention, that in the context that the word 'amendment' was used in this conversation, it could only reasonably be understood to be a reference to the Constitution, and not an amendment to some healthcare bill passed by the Virginia State Senate.",Rational Persuasion,Logical Appeal
Is all you care about money? Do you care about the improved safety of driving a modern vehicle?,Rational Persuasion,Persuasive Inquiry
That's the worse kind of law. A law that is made just to allow unreasonable searches is awful. Laws limiting the power of police are there for a reason and there shouldn't be laws made with the intent to circumvent them,Rational Persuasion,Logical Appeal
"If, as you claim, you are a lawyer, then you should know that mixing arguments together generally dilutes them and makes them more confusing.",Rational Persuasion,Logical Appeal
So you're not going to defend your version of events? Reporting and responding aren't the same thing you know.,Rational Persuasion,Logical Appeal
"Shooting guns is *fun*. Lock the gun up so nobody can use it, then take it out to the shooting range. And if circumstances change and you expect trouble, you can always make the gun more accessible temporarily.",Rational Persuasion,Logical Appeal
Physical treatment is what is used because physical treatment is what *works*. Psychological treatment doesn't. What more reason could you possibly need to see physical treatment as being better?,Rational Persuasion,Logical Appeal
"I find it very hard to swallow that something I can fairly accurately determine within 1 second of looking at you in 95% of cases is considered ""personal information""",Rational Persuasion,Logical Appeal
"Why *solely* by the government? Would it not be desirable to have the government provide a universal, good quality standard of care with all the negatives that come with that (wait times, mostly), but also allow regulated private industry to provide luxury heath services for a premium?",Rational Persuasion,Persuasive Inquiry
"What about countries that don't allow their citizens to furnish themselves with guns? They seem to do alright, for the most part, at least compared to the US.",Rational Persuasion,Logical Appeal
"Social media posts are really, really easy to manipulate compared to almost everything else. You don't have to have any skill at being a forger to impersonate someone online",Rational Persuasion,Logical Appeal
With regards to your second paragraph. Why do you favour outlawing drinking/smoking over other alternatives? If lack of education is the problem shouldn't it be more suitable to put more effort into educating pregnant women rather than punish their ignorance?,Rational Persuasion,Persuasive Inquiry
"We have no way of knowing how much the industry would have grown if it were legal, but it's safe to assume it would be larger.",Rational Persuasion,Logical Appeal
"That doesn't sound right. We are already experiencing more frequent, more extreme weather events. Depending on how much we curb it from here we expect to feel sea level rise within the century. It may not have a significant impact on him, but it could in his children's lifetime.",Rational Persuasion,Logical Appeal
"Actually, being stronger DOES make you a better golfer. There's a reason the best golfers aren't in their 50s and 60s. I golf really casually and after I spent a couple months lifting weights, I added about 30 yards to my drive",Rational Persuasion,Personal Disclosure
"Think of it this way: instead of buying a $5000 ring today, you buy a $5000 savings bond or other investment. THAT is the future cost of the diamond (but not value.. diamonds are worthless to resell).",Rational Persuasion,Logical Appeal
"Drawing human ethical standards from other animals doesn't really work. Many animals kill other members of their own species, but that doesn't justify murder.",Rational Persuasion,Empirical Evidence
"You ALWAYS make long-term decisions based on factors you don't KNOW. It's always assumptions that either pan out or not. Sure, the assumption that the anguish might *somehow* end might come true. But there's not much evidence pointing to that.",Rational Persuasion,Logical Appeal
"It also presumably does market research. Maybe cosplay is attracting newcomers to the conventions, where they're more likely to spend more money in smaller chunks.",Rational Persuasion,Logical Appeal
"When the apocalypse happens and we don't have power, you'll still be able to listen to those records.",Rational Persuasion,Logical Appeal
"...this seems like the problem you have with evolution is that it's not physics. Although, it IS repeatable (there have actually been many repeatable experiments where speciation happens as part of the experiment) and it is predictive (not much point to a theory otherwise).",Rational Persuasion,Empirical Evidence
"Roofies and similar drugs are used not for recreation but for malicious intent. Rohypnol and the like are kept illegal because of the serious harm that they can be put to use for, with no realistic (to my knowledge) medical or recreational use. Why unban those?",Rational Persuasion,Empirical Evidence
"So it's acceptable for you to break the rules of the road because you don't agree with them, but it's not ok for speeders to break the rules of the road because they don't agree with them?",Rational Persuasion,Persuasive Inquiry
"It doesn't say ""Abortion is wrong"". Instead it has principles that would preclude abortion for anyone trying to follow them. It's really going to be very very difficult for anyone taking the bible seriously to read it as accepting of abortion.",Rational Persuasion,Logical Appeal
"The two concept that god is all knowing and has a master plan contradicts free will fundamentally. If god's will is reality and god knows everything, all that has happened and all that will happen, then all is already decided, regardless of our perceptions of free will.",Rational Persuasion,Logical Appeal
Being multi use and more environmentally friendly isn't a significant advantage for a restaurant? I'm curious what you would consider a significant advantage if that is the case.,Rational Persuasion,Persuasive Inquiry
The reason we invaded Iraq for WMDs is because Iraq was implicated in 9-11 and could arm terrorists with them.,Rational Persuasion,Empirical Evidence
"You example isn't capitalism, it is simply fraud. You can't sell a five lb. bag of sand as gold. You can sell something for what the market will bare. There is a major difference between those two concepts.",Rational Persuasion,Logical Appeal
Doctors are far from underpaid. It's the cost of education and the loans that come from it that is way out of hand.,Rational Persuasion,Logical Appeal
Tickets and penalties should never go to the issuing department/organisation they should go straight in road maintenance or victim compensation to discourage the police from seeing tickets as an income source.,Rational Persuasion,Logical Appeal
"Money has to be apart of the strategy, its game to win money in the end. Like I said in the first round you don't know if your targeting a strong chef, was the dogpile successful if it turns out you sent home the weakest chef?",Rational Persuasion,Persuasive Inquiry
"It isn't pertinent that the wage earners that are making more, don't make more. It's not a competition, it is to make the poorest able to survive.",Rational Persuasion,Logical Appeal
"So South Park isn't ""what you expect"" and that makes it an objectively bad show? Shouldn't the number of well-thought-out responses in this thread suggest to you that just *maybe* there's another way to look at the show that lies somewhere outside of your current perspective?",Rational Persuasion,Persuasive Inquiry
"1) If you are arguing that women exclusively date attractive men, how do you account for all the non-attractive men who are dating? 2) How do you account for all the men who cite PUA classes as having helped them?",Rational Persuasion,Persuasive Inquiry
"When it is known that there are bad apples that spoil the bunch and nothing is done to remove the bad apples, then the problem is systemic. ""Good"" officers that look the other way at the behavior of ""bad"" officers are part of the problem, too.",Rational Persuasion,Logical Appeal
"I just want to second this and say, any serious libertarian does believe in a criminal justice system. In fact, a tenant of libertarians is that one of the governments few roles should be keep the peace through laws and police.",Rational Persuasion,Logical Appeal
"We are not discussing if it is lawful or not, but if it is moral. He assumes that the interns offer nothing to the companies so morally the companies ""don't owe them nothing"". The interns provide their work, so he is wrong.",Rational Persuasion,Logical Appeal
You seem to be projecting your mistrust of one organization onto all of them. Skepticism is good but you should research individual organizations instead of making blanket statements.,Rational Persuasion,Logical Appeal
